-90.0,0.0
-77.883,166.65
-64.238,-56.631
-62.191,-58.987
-54.931,-67.626
-54.843,-68.296
-53.777,-67.749
-53.254,-70.319
-53.003,-70.855
-51.823,-58.447
-51.686,-57.777
-51.609,-69.313
-51.606,-72.217
-50.335,-72.248
-50.016,-68.579
-49.307,-67.802
-47.735,-65.904
-46.582,-71.698
-46.538,-68.966
-46.412,168.313
-45.928,170.198
-45.916,-71.689
-45.785,-67.466
-45.594,-72.106
-45.533,167.65
-45.212,169.373
-45.021,168.739
-44.97,171.082
-44.725,169.243
-44.303,171.225
-44.235,170.118
-44.048,-70.459
-43.907,170.128
-43.81,-176.457
-43.765,170.133
-43.615,-71.807
-43.551,172.553
-43.489,172.532
-43.21,-65.27
-42.933,-72.699
-42.908,-71.139
-42.836,147.51
-42.759,-65.102
-42.714,170.985
-42.491,-73.774
-42.031,-71.17
-41.943,-71.532
-41.906,-73.797
-41.738,171.581
-41.545,147.214
-41.518,173.87
-41.439,-73.094
-41.327,174.805
-41.298,173.221
-41.151,-71.157
-40.973,175.634
-40.905,174.989
-40.869,-63.0
-40.611,-73.06
-40.321,175.617
-40.206,175.388
-40.075,-71.137
-39.962,175.025
-39.65,-73.086
-39.647,176.767
-39.446,175.658
-39.009,174.179
-39.007,177.407
-39.001,-67.62
-38.949,-68.156
-38.939,-69.264
-38.769,-72.636
-38.74,176.084
-38.725,-62.169
-38.663,177.978
-38.489,-58.816
-38.387,-60.329
-38.109,176.317
-38.099,147.149
-38.039,144.469
-37.976,145.102
-37.934,-57.573
-37.932,144.753
-37.921,176.914
-37.866,175.332
-37.728,144.902
-37.673,144.843
-37.672,176.196
-37.446,-61.889
-37.444,-70.222
-37.402,-72.426
-37.237,-59.228
-37.235,-57.029
-37.03,174.973
-37.008,174.792
-36.891,-60.216
-36.788,174.63
-36.773,-73.063
-36.588,-64.275
-36.583,-72.032
-36.542,-56.722
-36.32,-57.722
-36.187,-61.076
-36.068,146.958
-35.846,-61.858
-35.768,174.365
-35.696,-63.758
-35.484,-69.582
-35.348,-57.294
-35.308,149.194
-35.263,173.912
-35.165,147.466
-35.07,173.285
-34.972,-57.894
-34.967,-71.217
-34.945,138.531
-34.914,-54.921
-34.855,-55.094
-34.838,-56.03
-34.793,138.633
-34.789,-56.264
-34.731,-58.599
-34.703,138.621
-34.676,-58.642
-34.61,-58.613
-34.588,-68.403
-34.561,-58.789
-34.559,-58.416
-34.555,20.25
-34.546,-60.931
-34.501,-58.604
-34.456,-57.771
-34.453,-58.589
-34.174,-70.776
-34.135,-63.362
-34.09,23.328
-34.04,150.687
-34.005,22.379
-33.985,25.617
-33.965,18.602
-33.946,151.177
-33.924,150.988
-33.9,18.498
-33.812,19.903
-33.73,-65.387
-33.657,-71.616
-33.607,22.189
-33.601,150.781
-33.562,-70.688
-33.493,-70.698
-33.456,-70.547
-33.393,-70.786
-33.359,-56.499
-33.285,26.498
-33.273,-66.356
-33.086,-64.261
-33.036,27.826
-33.006,-58.613
-32.969,18.16
-32.964,17.969
-32.903,-60.784
-32.897,27.279
-32.866,-68.872
-32.832,-68.793
-32.684,-62.158
-32.507,137.717
-32.365,-58.061
-32.338,-54.217
-32.217,148.575
-32.097,115.881
-32.083,-52.166
-31.941,-65.142
-31.94,115.967
-31.92,26.882
-31.795,-60.48
-31.749,-55.926
-31.718,-52.328
-31.712,-60.812
-31.641,18.545
-31.606,29.52
-31.571,-68.418
-31.548,28.674
-31.5,19.726
-31.44,-57.991
-31.39,-54.112
-31.324,-64.208
-31.297,-57.996
-31.144,136.817
-31.084,150.847
-31.007,-64.532
-30.974,-55.476
-30.857,30.343
-30.789,121.462
-30.637,23.92
-30.562,25.528
-30.401,-56.508
-30.345,-66.294
-30.321,153.116
-30.272,-57.64
-29.994,-51.171
-29.97,30.95
-29.946,-51.144
-29.916,-71.191
-29.782,-57.038
-29.771,31.058
-29.771,-57.979
-29.711,-53.688
-29.689,17.939
-29.689,-57.152
-29.688,17.094
-29.649,30.399
-29.462,27.553
-29.381,-66.796
-29.319,26.823
-29.304,27.503
-29.282,18.814
-29.224,-67.439
-29.223,-58.088
-29.21,-59.691
-29.197,-51.188
-29.181,27.453
-29.122,30.587
-29.106,-59.219
-29.092,26.302
-29.041,167.939
-29.033,26.157
-28.823,27.909
-28.803,24.765
-28.741,32.092
-28.726,-49.425
-28.598,-70.759
-28.596,-65.752
-28.582,29.75
-28.575,16.533
-28.401,21.261
-28.321,31.416
-28.282,-54.169
-28.26,22.993
-28.248,28.336
-28.244,-52.326
-28.235,29.106
-28.183,30.224
-28.164,153.505
-28.079,26.861
-28.038,-67.58
-27.998,26.669
-27.847,26.35
-27.787,30.795
-27.782,-50.281
-27.771,29.977
-27.766,-64.31
-27.672,-48.548
-27.661,27.316
-27.648,22.999
-27.626,32.044
-27.57,153.008
-27.518,-55.124
-27.457,23.411
-27.45,-59.056
-27.445,-58.762
-27.411,151.735
-27.386,-55.971
-27.384,153.118
-27.371,-56.854
-27.367,26.629
-27.296,-70.414
-27.278,27.996
-27.165,-109.422
-27.134,-52.656
-27.079,29.778
-26.982,24.729
-26.889,27.503
-26.881,-58.318
-26.88,-48.651
-26.871,26.718
-26.841,-65.105
-26.776,29.339
-26.756,-60.493
-26.692,27.778
-26.671,27.082
-26.603,153.091
-26.566,27.961
-26.529,31.308
-26.524,29.17
-26.506,28.394
-26.495,29.98
-26.413,146.262
-26.369,27.35
-26.252,29.194
-26.248,28.398
-26.242,28.151
-26.239,28.302
-26.225,-48.797
-26.212,-58.228
-26.176,26.184
-26.139,28.246
-26.093,29.455
-26.081,27.726
-25.986,28.14
-25.979,29.619
-25.961,29.209
-25.944,29.81
-25.938,27.926
-25.921,32.573
-25.847,23.538
-25.832,29.192
-25.83,28.222
-25.809,28.164
-25.798,25.548
-25.753,25.612
-25.738,-54.473
-25.685,29.44
-25.654,28.224
-25.644,27.271
-25.599,26.042
-25.596,-54.487
-25.528,-49.176
-25.501,30.913
-25.473,31.566
-25.441,31.93
-25.407,-54.619
-25.405,-49.232
-25.334,27.173
-25.24,-57.519
-25.184,-50.144
-25.038,46.956
-25.0,-53.501
-24.989,29.283
-24.961,31.589
-24.856,-65.486
-24.805,26.832
-24.721,-60.549
-24.686,28.435
-24.602,24.691
-24.555,25.918
-24.393,-65.098
-24.369,31.049
-24.317,-50.651
-24.23,28.984
-23.937,31.155
-23.926,29.484
-23.925,-46.288
-23.876,35.408
-23.845,29.459
-23.824,30.329
-23.807,133.902
-23.726,27.688
-23.627,-46.655
-23.509,-46.638
-23.444,-70.445
-23.442,-57.427
-23.44,-51.907
-23.432,-46.469
-23.383,43.728
-23.382,150.475
-23.365,-149.524
-23.334,-51.13
-23.284,30.65
-23.229,-45.861
-23.16,29.696
-23.153,-64.329
-23.08,-134.89
-23.079,30.383
-23.008,-47.134
-22.932,-43.719
-22.91,-43.163
-22.875,-43.384
-22.813,-42.093
-22.809,-43.244
-22.805,47.821
-22.791,-45.205
-22.769,-64.315
-22.638,-50.456
-22.62,-63.794
-22.549,-55.703
-22.526,-52.972
-22.499,-68.904
-22.434,-151.361
-22.36,-60.054
-22.356,29.986
-22.345,-49.054
-22.258,166.473
-22.236,114.089
-22.197,-49.926
-22.175,-51.424
-22.162,-65.57
-22.12,48.022
-22.058,27.829
-22.045,-60.622
-22.018,35.313
-22.014,166.213
-21.985,-47.338
-21.843,-46.568
-21.812,-48.133
-21.808,-138.794
-21.791,-43.387
-21.754,43.375
-21.698,-41.302
-21.664,-49.73
-21.59,-45.473
-21.556,-64.701
-21.482,168.037
-21.441,47.112
-21.321,55.425
-21.267,-43.761
-21.266,25.32
-21.241,-175.15
-21.203,-159.806
-21.202,48.358
-21.172,149.18
-21.159,27.474
-21.141,-50.425
-21.134,-47.774
-21.053,164.838
-21.008,31.578
-20.887,55.51
-20.816,-49.406
-20.791,165.259
-20.783,-138.568
-20.777,-51.565
-20.775,167.24
-20.712,116.773
-20.703,-46.335
-20.664,139.489
-20.641,166.573
-20.592,-47.383
-20.546,164.256
-20.535,-70.181
-20.495,148.552
-20.469,-54.672
-20.43,57.683
-20.378,118.626
-20.289,30.088
-20.285,44.318
-20.278,-49.187
-20.256,-40.289
-20.055,30.859
-20.017,28.618
-20.007,-63.527
-19.972,23.431
-19.852,-43.95
-19.796,34.907
-19.777,-174.341
-19.765,-47.965
-19.758,63.362
-19.661,-43.896
-19.634,-43.969
-19.563,45.451
-19.543,-65.724
-19.471,-42.488
-19.437,29.862
-19.253,146.765
-19.151,33.429
-19.08,-169.926
-19.029,29.722
-19.012,-57.673
-19.007,-65.289
-18.998,32.627
-18.977,32.451
-18.975,-57.821
-18.883,-48.226
-18.825,-159.774
-18.797,47.479
-18.63,27.021
-18.585,-173.963
-18.466,-136.439
-18.444,-49.213
-18.348,-70.339
-18.328,-59.766
-18.109,49.392
-18.096,25.839
-18.075,-140.946
-18.053,-70.276
-18.043,178.559
-17.963,-67.076
-17.932,31.093
-17.856,36.869
-17.833,25.162
-17.822,25.822
-17.754,177.443
-17.751,30.924
-17.699,168.32
-17.695,-71.344
-17.652,-39.253
-17.645,-63.135
-17.594,-69.434
-17.49,-149.762
-17.432,32.184
-17.421,-66.177
-17.353,-145.51
-17.179,-70.931
-17.094,49.816
-17.045,15.687
-16.99,-65.141
-16.886,145.755
-16.755,14.965
-16.742,44.481
-16.723,-151.466
-16.707,-43.819
-16.687,-151.022
-16.631,-49.222
-16.585,-143.657
-16.52,28.885
-16.513,-68.192
-16.467,179.34
-16.444,-151.751
-16.426,-152.244
-16.384,-60.963
-16.341,-71.583
-16.339,-58.402
-16.164,49.774
-16.143,-62.026
-16.105,33.64
-16.054,-145.657
-15.862,-47.913
-15.861,-52.389
-15.82,-140.887
-15.778,128.707
-15.734,32.757
-15.719,-63.092
-15.679,34.974
-15.667,46.352
-15.663,-146.885
-15.653,-56.117
-15.602,32.773
-15.501,167.222
-15.467,-70.158
-15.437,49.688
-15.357,-75.136
-15.331,28.453
-15.261,12.147
-15.254,23.162
-15.248,-146.616
-15.119,-148.231
-15.106,39.282
-15.033,40.672
-14.999,50.32
-14.997,22.648
-14.966,-65.634
-14.954,-147.661
-14.899,47.994
-14.868,-148.717
-14.862,-40.863
-14.857,-66.737
-14.854,-74.961
-14.82,36.532
-14.819,-64.918
-14.816,-39.033
-14.809,-138.813
-14.739,-68.411
-14.712,-145.253
-14.704,34.352
-14.658,17.72
-14.652,49.621
-14.629,47.764
-14.488,40.712
-14.456,-145.024
-14.437,-146.07
-14.428,-67.501
-14.331,-170.71
-14.306,-67.354
-14.279,50.175
-14.177,-141.267
-13.83,-172.008
-13.762,-65.435
-13.745,-76.22
-13.706,-73.35
-13.539,23.11
-13.536,-71.939
-13.485,48.633
-13.376,50.003
-13.312,48.314
-13.274,35.266
-13.264,-64.605
-13.262,-43.408
-13.259,31.936
-13.254,-64.063
-13.238,-176.199
-13.225,37.552
-13.188,48.988
-13.155,-74.204
-13.053,-64.662
-13.014,33.468
-12.998,28.665
-12.987,40.522
-12.911,-38.331
-12.9,28.15
-12.809,15.76
-12.805,45.281
-12.694,-60.098
-12.679,141.925
-12.614,-69.229
-12.609,13.404
-12.573,27.894
-12.565,28.299
-12.404,16.947
-12.371,13.536
-12.349,49.292
-12.298,43.766
-12.161,-76.999
-12.132,44.43
-12.022,-77.114
-11.929,-77.061
-11.894,22.916
-11.783,-75.473
-11.768,19.898
-11.711,43.244
-11.673,39.563
-11.591,27.531
-11.534,43.272
-11.445,34.012
-11.411,-69.489
-11.362,40.355
-11.138,28.875
-11.129,-75.35
-11.04,-68.783
-11.01,-66.073
-10.984,-37.07
-10.951,142.459
-10.822,-65.346
-10.786,-65.285
-10.766,25.506
-10.729,-73.766
-10.722,13.765
-10.719,-48.4
-10.451,105.69
-10.339,40.182
-10.171,123.671
-10.109,51.176
-9.953,33.893
-9.878,-76.204
-9.869,-67.894
-9.866,-56.106
-9.769,-139.011
-9.768,-70.706
-9.689,20.432
-9.67,120.304
-9.525,16.312
-9.51,-35.793
-9.469,25.759
-9.443,147.22
-9.409,119.246
-9.401,-38.251
-9.364,-40.564
-9.347,-77.598
-9.334,-54.965
-9.303,125.287
-9.29,-76.006
-9.151,-78.524
-8.858,13.231
-8.849,121.662
-8.796,-140.229
-8.748,115.167
-8.709,-63.902
-8.642,25.253
-8.641,122.237
-8.596,120.478
-8.561,116.094
-8.539,118.687
-8.52,140.418
-8.517,179.217
-8.489,117.412
-8.486,119.889
-8.485,126.399
-8.378,-74.574
-8.374,18.924
-8.348,-49.301
-8.155,-70.783
-8.126,-34.923
-8.085,-79.109
-7.969,-14.394
-7.926,112.714
-7.788,110.432
-7.754,15.287
-7.669,35.752
-7.645,109.034
-7.616,111.434
-7.603,15.028
-7.6,-72.769
-7.516,110.757
-7.38,112.787
-7.357,20.804
-7.346,108.246
-7.32,-47.459
-7.313,72.411
-7.27,-35.896
-7.169,-76.728
-7.164,56.264
-7.147,14.248
-7.136,-78.49
-7.005,52.726
-6.973,110.375
-6.901,107.576
-6.878,39.203
-6.787,-79.828
-6.756,108.539
-6.717,38.154
-6.57,146.726
-6.509,-76.373
-6.337,106.764
-6.293,106.57
-6.27,14.247
-6.266,106.891
-6.233,-57.777
-6.222,39.225
-6.202,-77.856
-6.17,35.752
-6.141,12.372
-6.126,106.656
-6.121,23.569
-6.082,145.392
-6.019,-76.988
-5.931,12.352
-5.918,12.447
-5.911,-35.248
-5.9,22.469
-5.894,-76.118
-5.876,29.25
-5.826,144.296
-5.811,-61.279
-5.799,13.441
-5.696,53.654
-5.661,132.731
-5.597,12.188
-5.531,-47.46
-5.368,-49.138
-5.257,39.811
-5.242,105.179
-5.207,145.789
-5.206,-80.616
-5.202,-37.364
-5.092,39.071
-5.062,119.554
-5.06,-42.823
-5.036,18.786
-4.813,11.886
-4.674,55.522
-4.607,-77.941
-4.576,-81.254
-4.55,-81.224
-4.528,136.887
-4.386,15.444
-4.38,-79.941
-4.325,15.328
-4.319,55.691
-4.317,122.467
-4.256,-69.936
-4.252,15.253
-4.242,-56.001
-4.208,12.661
-4.193,-69.943
-4.096,138.952
-4.082,122.417
-4.035,39.594
-3.917,-70.508
-3.864,102.341
-3.855,-32.423
-3.785,-49.719
-3.785,-73.309
-3.776,-38.532
-3.709,128.09
-3.644,133.695
-3.584,143.669
-3.552,-80.381
-3.514,33.619
-3.483,12.617
-3.442,114.761
-3.435,-79.978
-3.429,37.074
-3.423,-78.573
-3.413,115.996
-3.383,-64.724
-3.376,35.818
-3.368,36.633
-3.368,135.496
-3.363,37.323
-3.324,29.318
-3.311,17.382
-3.286,103.879
-3.269,-79.962
-3.254,-52.254
-3.229,40.102
-3.146,-59.986
-3.127,-58.481
-3.045,119.822
-3.039,-60.05
-2.919,25.915
-2.898,104.701
-2.894,-41.732
-2.889,10.919
-2.889,-78.984
-2.851,-79.804
-2.795,-76.466
-2.767,0.0
-2.746,107.755
-2.705,111.673
-2.589,-44.236
-2.577,140.516
-2.558,120.324
-2.542,101.088
-2.529,121.357
-2.501,112.977
-2.462,28.908
-2.444,32.932
-2.309,28.809
-2.299,-78.121
-2.261,-79.689
-2.252,40.913
-2.225,113.943
-2.205,-80.989
-2.163,106.139
-2.158,-79.884
-2.067,-76.975
-1.969,30.139
-1.816,109.963
-1.74,-79.622
-1.706,-79.379
-1.704,-79.552
-1.677,29.259
-1.671,29.238
-1.656,13.438
-1.654,-78.656
-1.638,103.644
-1.575,9.263
-1.537,13.269
-1.501,-79.481
-1.489,-56.397
-1.417,120.657
-1.414,-48.461
-1.379,-48.476
-1.322,36.815
-1.277,36.862
-1.268,116.894
-1.224,174.776
-1.212,-78.574
-1.19,136.108
-1.041,-80.472
-1.039,122.772
-0.987,-77.819
-0.946,-80.678
-0.926,131.12
-0.918,119.909
-0.91,-89.616
-0.907,-78.616
-0.89,-52.602
-0.88,134.05
-0.876,100.352
-0.826,12.747
-0.788,36.433
-0.712,8.754
-0.704,10.246
-0.665,13.673
-0.531,15.95
-0.484,117.157
-0.479,104.579
-0.463,39.648
-0.463,-76.986
-0.454,-90.266
-0.377,42.459
-0.369,36.98
-0.353,102.335
-0.349,111.748
-0.248,-79.214
-0.151,109.404
-0.148,-66.986
-0.141,-78.488
-0.123,-76.337
-0.093,117.439
-0.086,34.729
-0.061,37.039
-0.021,15.575
0.022,18.289
0.042,32.443
0.051,-51.072
0.064,111.475
0.073,-80.052
0.092,-76.869
0.23,38.17
0.271,34.787
0.338,-78.136
0.339,37.591
0.378,6.712
0.404,35.238
0.458,9.412
0.461,101.444
0.505,-76.501
0.518,25.155
0.579,12.891
0.607,-69.186
0.637,122.852
0.776,11.553
0.809,-77.708
0.832,127.381
0.836,112.936
0.862,-77.672
0.922,104.532
0.972,34.958
1.121,104.119
1.166,97.703
1.254,-70.234
1.356,103.987
1.36,103.909
1.381,173.147
1.387,103.709
1.396,-77.291
1.399,99.432
1.417,103.867
1.424,103.811
1.485,110.346
1.541,11.581
1.549,124.926
1.555,98.89
1.566,30.221
1.589,18.047
1.59,-75.564
1.609,101.433
1.616,16.038
1.641,103.669
1.663,7.412
1.728,33.623
1.733,40.091
1.814,-78.749
1.858,-76.086
1.905,9.806
1.986,-157.35
2.014,45.305
2.041,103.307
2.076,11.493
2.077,-50.862
2.152,-74.766
2.154,117.432
2.171,21.497
2.223,-55.946
2.263,102.251
2.264,111.983
2.345,37.999
2.454,-76.61
2.57,-77.898
2.579,-72.639
2.746,101.71
2.763,36.718
2.806,32.272
2.818,24.794
2.818,104.16
2.827,27.588
2.846,-60.69
2.95,-75.294
3.099,43.624
3.112,101.703
3.122,35.609
3.172,113.044
3.235,19.771
3.326,117.566
3.373,-59.789
3.47,39.101
3.543,-76.381
3.558,98.672
3.683,125.528
3.755,8.709
3.775,103.209
3.819,-76.99
3.835,11.524
3.855,-51.797
3.897,-51.804
3.909,108.388
3.934,41.844
4.006,9.719
4.052,-67.701
4.088,-76.235
4.089,9.36
4.158,21.651
4.168,-73.614
4.178,114.331
4.192,73.529
4.204,34.348
4.221,15.786
4.253,20.975
4.276,-74.797
4.313,118.122
4.325,113.988
4.398,18.519
4.421,-75.133
4.454,-75.765
4.473,14.364
4.537,103.426
4.568,101.092
4.701,-74.147
4.747,-6.661
4.758,-75.956
4.784,22.781
4.812,-74.065
4.813,-75.739
4.82,-52.36
4.872,31.601
4.893,-1.775
4.946,114.928
4.976,8.347
5.015,6.949
5.03,-75.465
5.032,118.324
5.069,97.259
5.072,-76.676
5.213,-74.884
5.227,96.95
5.26,-3.926
5.297,100.277
5.301,115.25
5.319,-72.384
5.357,162.958
5.382,103.103
5.43,-71.658
5.453,-55.188
5.466,100.391
5.523,95.42
5.537,10.354
5.603,-0.168
5.62,-67.606
5.637,10.751
5.691,-76.641
5.811,-55.191
5.847,20.649
5.865,-60.614
5.874,95.339
5.937,116.051
5.958,15.637
5.966,-58.27
6.039,10.123
6.058,125.096
6.106,125.236
6.164,-75.423
6.166,1.254
6.166,102.294
6.184,-67.493
6.194,100.403
6.203,-77.394
6.22,-75.591
6.232,-62.854
6.234,-10.362
6.254,81.235
6.289,-10.759
6.317,5.599
6.33,99.729
6.357,2.384
6.451,-71.76
6.474,7.562
6.52,101.743
6.527,101.242
6.528,21.989
6.577,3.321
6.715,-61.639
6.785,101.153
6.792,-6.473
6.822,79.886
6.903,-5.366
6.922,122.059
6.933,100.393
6.958,-71.855
6.985,158.209
7.01,-74.715
7.024,-73.807
7.06,-69.497
7.065,171.272
7.069,-70.737
7.126,-73.185
7.165,124.21
7.181,79.884
7.186,100.608
7.211,-70.756
7.247,5.301
7.249,-61.529
7.272,-7.587
7.337,81.626
7.357,13.559
7.362,-2.329
7.362,3.978
7.367,134.544
7.462,151.843
7.509,99.616
7.517,-78.157
7.565,-72.035
7.576,-70.174
7.617,124.059
7.626,-66.165
7.666,36.816
7.704,8.614
7.706,81.678
7.726,27.979
7.739,-5.074
7.801,-72.203
7.803,-71.166
7.806,-8.702
7.812,-76.716
7.828,123.46
7.852,-72.435
7.883,-67.444
7.928,-72.511
8.074,-76.741
8.086,-80.945
8.099,98.986
8.113,98.317
8.122,-63.537
8.128,34.563
8.239,-72.271
8.288,-62.76
8.301,80.428
8.315,-73.358
8.391,-82.435
8.394,-13.128
8.407,-78.142
8.414,124.611
8.427,20.635
8.44,4.494
8.471,99.956
8.481,-9.526
8.482,76.918
8.539,81.181
8.582,-71.161
8.601,-82.97
8.616,-13.195
8.619,-70.221
8.62,16.068
8.624,-71.673
8.652,-83.065
8.654,-83.182
8.716,39.008
8.72,167.731
8.824,-75.826
8.826,-82.959
8.914,-79.599
8.916,-83.507
8.924,-67.417
8.945,-64.151
8.951,-83.468
8.973,-79.556
8.974,-71.943
8.977,38.8
9.004,38.726
9.007,7.263
9.027,-69.755
9.045,-73.975
9.071,-79.383
9.089,-62.094
9.151,18.379
9.153,92.819
9.167,-83.332
9.222,-65.993
9.26,12.43
9.283,-74.839
9.332,-75.286
9.334,123.302
9.336,13.37
9.341,-82.251
9.341,-70.584
9.357,2.609
9.372,-66.923
9.379,14.926
9.387,-5.556
9.397,167.471
9.429,-64.471
9.443,-84.13
9.459,-82.517
9.499,138.082
9.518,44.089
9.548,100.062
9.553,-69.238
9.559,31.652
9.563,-0.863
9.625,41.854
9.64,8.869
9.649,-68.575
9.652,6.462
9.732,-82.983
9.742,118.759
9.749,-63.152
9.758,125.481
9.767,1.091
9.778,98.585
9.792,80.07
9.834,78.093
9.907,-67.379
9.957,-84.142
9.958,-83.022
9.976,-85.653
9.994,-84.209
10.036,-10.77
10.043,-69.358
10.049,98.538
10.082,-2.507
10.107,-64.689
10.158,-67.927
10.176,-70.065
10.183,-67.557
10.202,-83.472
10.217,-83.795
10.236,22.717
10.25,-67.649
10.279,-68.755
10.286,-66.816
10.288,-83.714
10.308,123.979
10.351,-13.569
10.356,-85.853
10.389,44.941
10.435,-73.249
10.442,-75.513
10.45,-64.13
10.451,14.257
10.462,-66.093
10.48,-68.073
10.558,-71.728
10.574,-62.313
10.593,-85.544
10.595,-61.337
10.603,-66.991
10.643,122.929
10.66,-63.262
10.696,7.32
10.713,122.545
10.72,79.104
10.765,78.709
10.766,121.932
10.769,-83.586
10.794,-63.981
10.82,106.662
10.823,72.176
10.889,-74.781
10.912,-63.966
11.031,77.044
11.035,-84.706
11.036,125.743
11.056,124.566
11.119,-74.231
11.13,7.686
11.136,75.955
11.149,-60.832
11.16,-4.331
11.227,125.028
11.232,-72.49
11.288,-15.181
11.326,-12.287
11.341,162.328
11.415,-69.681
11.526,-72.926
11.546,104.844
11.598,122.753
11.608,37.321
11.646,92.733
11.681,122.378
11.781,-70.152
11.782,78.065
11.786,34.336
11.809,-66.179
11.855,13.081
11.895,-15.654
11.975,38.98
11.989,-83.774
12.004,-61.786
12.047,8.524
12.054,24.955
12.072,124.545
12.131,-68.268
12.134,15.034
12.141,-86.168
12.172,6.696
12.189,-86.354
12.189,-68.96
12.218,109.2
12.221,-71.985
12.255,104.564
12.353,-1.512
12.361,121.046
12.41,-16.746
12.428,-86.902
12.443,98.621
12.501,-70.015
12.502,124.636
12.518,37.432
12.533,-7.95
12.556,-16.282
12.572,-12.22
12.583,-81.711
12.634,99.951
12.68,101.005
12.699,-61.342
12.88,-14.955
12.887,-61.18
12.907,80.121
12.916,5.207
12.95,77.668
12.96,74.893
12.988,-61.262
12.994,80.18
13.074,-59.492
13.096,103.224
13.144,-61.211
13.153,30.232
13.208,120.605
13.338,-16.652
13.357,-81.358
13.361,121.825
13.373,12.627
13.411,103.813
13.441,-89.056
13.467,39.533
13.481,2.184
13.484,144.797
13.5,144.833
13.502,7.127
13.531,106.014
13.578,124.206
13.584,144.93
13.585,123.271
13.615,25.325
13.632,79.543
13.7,-89.12
13.733,-60.953
13.737,-13.653
13.769,102.315
13.779,8.984
13.847,20.844
13.912,100.607
13.936,-90.836
13.955,121.125
14.02,-60.993
14.047,-83.387
14.061,-87.217
14.098,98.202
14.102,99.917
14.129,122.98
14.141,93.368
14.147,-16.051
14.174,145.243
14.293,122.646
14.431,-11.439
14.509,121.019
14.51,78.773
14.513,-4.079
14.521,-91.697
14.583,-90.528
14.591,-61.003
14.739,-17.49
14.794,-92.37
14.847,-12.468
14.865,-91.502
14.869,103.489
14.874,100.663
14.876,5.265
14.924,-23.493
14.934,102.079
14.986,120.493
14.998,145.619
14.999,8.767
15.119,145.729
15.132,105.781
15.156,-23.214
15.179,-12.207
15.239,-9.576
15.261,-83.781
15.277,100.296
15.326,119.969
15.337,-61.392
15.381,73.833
15.386,36.328
15.452,-87.923
15.469,-90.407
15.473,-88.837
15.547,-61.3
15.589,32.553
15.673,100.137
15.731,-88.584
15.742,-86.853
15.775,-96.261
15.776,-87.476
15.859,74.618
15.869,-61.27
15.877,-97.089
15.927,-85.938
16.035,120.241
16.044,108.199
16.05,-16.461
16.137,-22.889
16.159,-13.508
16.248,-0.005
16.265,-61.532
16.317,-86.522
16.326,-89.417
16.375,120.619
16.445,-85.906
16.445,97.661
16.449,-95.094
16.53,80.797
16.541,79.318
16.556,104.759
16.588,-24.284
16.59,-11.406
16.596,120.303
16.619,121.252
16.622,-7.314
16.664,74.288
16.7,98.545
16.711,-9.638
16.729,-169.534
16.73,-3.007
16.741,-22.949
16.757,-99.753
16.769,-93.341
16.783,100.279
16.813,94.775
16.821,101.254
16.834,-25.057
16.894,97.675
16.901,42.586
16.907,96.133
16.93,121.753
16.965,7.997
17.0,-96.726
17.039,54.091
17.109,81.818
17.137,-61.792
17.195,104.119
17.206,-62.59
17.234,99.058
17.311,-62.719
17.384,104.643
17.386,102.788
17.407,-83.933
17.412,104.777
17.439,101.722
17.452,78.461
17.467,47.121
17.496,-62.979
17.539,-88.308
17.554,120.357
17.574,-99.514
17.601,-101.46
17.611,44.419
17.628,75.935
17.629,78.403
17.638,121.731
17.666,54.024
17.674,100.235
17.702,-64.798
17.9,-62.85
17.908,77.486
17.917,19.111
17.918,79.599
17.929,-71.645
17.936,-76.787
17.988,-76.824
17.988,102.563
17.997,-92.817
18.002,-102.22
18.008,-66.563
18.041,-63.109
18.098,-15.948
18.1,-63.047
18.103,-94.581
18.132,100.164
18.199,-76.534
18.205,-63.055
18.24,42.656
18.245,-65.643
18.251,-71.12
18.256,-67.148
18.272,99.504
18.309,-65.662
18.337,-64.973
18.404,-76.969
18.429,-69.669
18.439,-66.002
18.445,-64.543
18.452,-68.912
18.457,-66.098
18.461,94.299
18.471,-69.969
18.495,-67.129
18.497,-97.42
18.504,-69.762
18.504,-77.913
18.504,-88.327
18.567,-68.363
18.57,-11.423
18.58,-72.293
18.582,73.919
18.654,-91.799
18.824,95.266
18.835,-99.262
18.88,82.552
18.908,-70.72
18.969,12.869
19.031,96.401
19.089,72.868
19.098,72.834
19.145,-96.187
19.145,-104.559
19.154,30.43
19.158,-98.371
19.199,-69.43
19.277,-103.577
19.293,-81.357
19.337,-99.566
19.397,-102.039
19.409,-70.616
19.427,93.534
19.436,-99.072
19.455,103.218
19.475,-96.797
19.497,100.286
19.536,-98.173
19.576,37.216
19.598,-103.372
19.687,-79.883
19.692,97.215
19.72,-155.049
19.732,-72.195
19.739,-156.046
19.757,-70.57
19.76,-155.554
19.817,-90.5
19.85,-101.025
19.863,75.398
19.897,102.161
19.906,-75.207
19.962,73.807
19.97,-75.836
19.984,42.623
20.001,-155.668
20.045,-102.276
20.077,-98.782
20.085,-75.158
20.098,83.183
20.133,92.872
20.244,85.818
20.246,0.981
20.257,100.437
20.265,-155.86
20.288,-77.089
20.296,41.634
20.366,-74.506
20.396,-76.621
20.435,72.844
20.452,121.98
20.465,45.619
20.484,99.935
20.504,45.199
20.507,-13.043
20.517,99.257
20.522,-86.926
20.522,-103.311
20.546,-100.886
20.603,-97.461
20.624,-100.369
20.654,-74.922
20.675,58.89
20.68,-105.254
20.689,-75.531
20.699,77.056
20.743,96.792
20.756,-103.465
20.786,-76.315
20.786,-156.951
20.796,-156.014
20.87,82.519
20.89,97.736
20.899,-156.431
20.928,-17.031
20.937,-89.657
20.94,94.822
20.942,95.914
20.963,-156.674
20.975,-73.667
20.988,-76.936
20.993,-101.481
21.036,-86.877
21.092,79.047
21.115,72.743
21.153,-157.096
21.18,81.739
21.182,94.929
21.222,105.806
21.245,-86.74
21.301,99.637
21.316,-157.927
21.317,70.27
21.348,39.173
21.419,-104.843
21.42,-77.847
21.449,-157.768
21.452,91.964
21.483,40.544
21.483,-158.039
21.5,-78.203
21.509,-77.017
21.516,-71.528
21.579,-158.21
21.579,84.006
21.616,-81.546
21.642,-82.955
21.649,69.656
21.679,39.156
21.702,95.978
21.705,-102.318
21.752,72.185
21.774,-72.266
21.788,-79.997
21.835,-82.784
21.913,84.05
21.917,-71.939
21.971,-79.442
21.975,100.76
21.976,-159.339
21.989,82.111
22.022,-159.787
22.027,-78.789
22.029,121.527
22.038,-98.806
22.095,-84.152
22.149,113.591
22.15,-80.414
22.182,-75.729
22.249,91.813
22.254,-100.931
22.256,84.814
22.296,-97.866
22.309,70.779
22.309,113.914
22.336,-83.642
22.336,73.226
22.376,31.612
22.379,-73.013
22.421,-83.678
22.436,114.08
22.442,-73.971
22.461,-78.329
22.466,70.011
22.492,-79.944
22.506,-79.47
22.575,120.351
22.608,108.172
22.639,113.812
22.655,88.447
22.672,120.462
22.674,121.458
22.7,120.482
22.703,39.07
22.705,120.281
22.722,75.801
22.74,-99.018
22.746,-74.182
22.757,121.093
22.793,121.182
22.811,5.451
22.812,86.168
22.871,-82.509
22.897,-102.687
22.95,120.206
22.97,-82.275
22.977,97.752
22.989,-82.409
23.007,-82.767
23.033,-82.579
23.034,-81.435
23.067,57.65
23.075,72.632
23.092,96.645
23.113,70.1
23.152,-109.721
23.161,-106.266
23.178,80.052
23.179,-75.093
23.184,89.161
23.184,113.266
23.189,94.051
23.285,77.337
23.288,69.67
23.315,85.321
23.371,119.494
23.4,116.683
23.462,120.393
23.474,87.428
23.563,-75.878
23.569,119.628
23.583,-75.269
23.593,58.284
23.643,86.149
23.704,-98.956
23.746,92.803
23.778,90.382
23.834,86.425
23.843,90.398
23.889,91.241
23.964,32.82
24.023,121.618
24.063,-74.524
24.072,-110.362
24.074,52.463
24.107,41.036
24.124,-104.528
24.135,91.811
24.144,38.063
24.152,89.049
24.159,-77.59
24.169,-76.439
24.179,23.314
24.186,120.654
24.187,52.614
24.248,54.547
24.262,55.609
24.264,120.621
24.268,72.205
24.269,97.246
24.288,-77.684
24.289,153.979
24.293,9.452
24.308,92.007
24.315,-75.454
24.344,124.187
24.428,54.458
24.432,118.359
24.433,54.651
24.437,88.616
24.467,122.978
24.544,118.127
24.553,39.705
24.556,-81.759
24.576,-81.689
24.594,-76.832
24.617,73.913
24.629,-75.674
24.654,77.347
24.698,-77.796
24.71,44.964
24.748,84.943
24.76,93.897
24.764,-107.474
24.78,52.56
24.783,125.295
24.784,141.322
24.818,120.939
24.819,79.919
24.827,125.145
24.841,68.838
24.855,121.237
24.861,53.078
24.892,-76.178
24.893,66.939
24.906,67.161
24.913,92.979
24.957,46.699
24.963,91.867
24.992,102.743
25.039,-77.466
25.054,-78.049
25.056,121.243
25.068,61.805
25.069,121.552
25.08,121.232
25.112,56.324
25.146,10.143
25.146,52.874
25.161,75.845
25.174,47.488
25.214,46.641
25.218,110.039
25.233,62.329
25.237,-11.589
25.255,55.364
25.261,51.565
25.261,88.796
25.273,64.588
25.284,-76.331
25.284,49.486
25.284,63.333
25.318,68.366
25.328,55.517
25.354,97.295
25.383,97.353
25.417,-77.881
25.439,81.734
25.443,60.382
25.452,82.859
25.476,-76.681
25.488,-80.384
25.49,78.559
25.549,-100.929
25.568,-103.411
25.591,85.088
25.613,55.939
25.648,-80.433
25.653,57.799
25.671,32.706
25.683,69.073
25.685,-109.081
25.7,-79.264
25.738,-77.84
25.759,88.909
25.76,87.409
25.77,-97.525
25.778,-100.107
25.793,-80.291
25.846,131.263
25.862,-80.897
25.866,-100.237
25.876,55.033
25.907,-97.426
25.907,-80.278
25.909,54.539
25.911,49.591
25.918,50.591
25.933,119.662
25.948,131.321
25.986,63.03
25.989,-111.348
26.001,-80.24
26.004,-77.395
26.009,-98.228
26.072,-80.153
26.106,91.585
26.12,85.313
26.171,56.241
26.176,-98.239
26.196,127.646
26.197,-80.171
26.198,36.476
26.219,68.39
26.224,120.002
26.228,-97.654
26.25,81.381
26.251,73.048
26.265,50.152
26.271,50.634
26.274,127.756
26.294,78.228
26.303,43.774
26.33,89.467
26.356,127.767
26.363,126.714
26.378,-80.107
26.404,80.41
26.441,80.363
26.471,49.798
26.483,87.264
26.511,-77.083
26.527,53.982
26.532,54.822
26.536,-81.755
26.559,-78.695
26.571,88.079
26.573,8.484
26.586,-81.863
26.593,-80.085
26.681,88.328
26.683,-80.096
26.686,-78.978
26.709,85.922
26.71,0.286
26.723,50.031
26.729,127.762
26.731,94.176
26.739,83.449
26.745,-77.391
26.755,55.902
26.761,80.886
26.81,53.356
26.824,75.81
26.889,70.864
26.954,64.132
26.956,-101.47
26.987,14.473
26.988,80.893
27.039,49.405
27.044,128.401
27.046,31.012
27.156,77.961
27.158,56.172
27.159,84.98
27.184,33.798
27.212,54.318
27.218,56.378
27.236,60.72
27.251,2.512
27.291,94.097
27.33,97.426
27.335,68.143
27.371,53.189
27.392,-109.833
27.403,89.426
27.425,128.701
27.438,41.686
27.444,-99.57
27.483,95.017
27.484,52.618
27.506,83.416
27.507,-97.81
27.544,-99.461
27.588,93.828
27.656,-80.418
27.674,54.381
27.696,85.359
27.7,-8.167
27.722,68.792
27.741,-98.027
27.765,-82.627
27.77,-97.501
27.793,66.643
27.815,-17.887
27.836,128.881
27.837,-0.186
27.849,-82.521
27.869,48.768
27.901,45.528
27.911,-82.687
27.932,-15.386
27.969,-110.925
27.975,-82.533
27.989,94.223
27.989,102.184
28.044,-16.572
28.051,9.643
28.066,95.336
28.072,73.207
28.079,48.611
28.103,-80.645
28.104,81.667
28.175,94.802
28.189,113.219
28.2,83.981
28.201,-177.381
28.209,33.645
28.235,-80.61
28.284,68.449
28.335,46.125
28.365,36.619
28.385,70.28
28.422,79.45
28.429,-81.316
28.431,129.712
28.448,-11.161
28.453,-13.864
28.458,-99.22
28.482,-16.341
28.545,-81.333
28.566,77.103
28.584,77.205
28.586,53.579
28.59,17.294
28.594,65.425
28.6,115.917
28.626,-17.756
28.627,-100.535
28.638,21.438
28.645,69.177
28.685,34.063
28.7,-100.479
28.703,-105.964
28.721,54.441
28.727,-96.251
28.727,57.67
28.795,22.081
28.837,76.178
28.875,64.404
28.892,53.723
28.945,-13.605
28.945,50.834
28.954,-98.52
29.033,79.474
29.084,58.45
29.096,-111.048
29.11,15.966
29.181,75.753
29.227,47.98
29.237,0.276
29.259,50.324
29.265,-94.86
29.332,-100.981
29.347,71.711
29.359,-100.778
29.369,-10.18
29.373,-100.926
29.384,-98.581
29.47,17.931
29.476,60.906
29.529,-98.279
29.534,-98.47
29.538,66.022
29.539,52.589
29.551,55.672
29.561,34.96
29.607,-95.159
29.611,35.018
29.626,43.491
29.645,-95.279
29.69,-82.272
29.719,106.641
29.754,52.694
29.785,40.1
29.825,-90.035
29.825,121.465
29.94,34.936
29.951,-94.021
29.961,70.486
29.98,-95.34
29.993,-90.258
29.994,77.424
30.038,-91.884
30.07,-85.576
30.074,31.192
30.116,30.915
30.122,31.406
30.126,-93.223
30.152,9.715
30.187,78.18
30.194,-97.67
30.203,71.419
30.205,-91.987
30.219,-81.876
30.228,120.432
30.236,-81.681
30.251,66.938
30.261,56.957
30.27,74.756
30.298,56.052
30.315,76.363
30.337,50.828
30.352,-95.414
30.353,-87.319
30.365,48.233
30.378,19.576
30.381,-9.546
30.386,130.659
30.396,-84.35
30.397,-107.875
30.411,-88.924
30.428,-86.689
30.473,-87.187
30.483,-86.525
30.494,-81.688
30.5,18.527
30.533,-91.149
30.547,130.95
30.549,47.662
30.552,111.469
30.556,49.152
30.571,2.859
30.578,103.947
30.588,-96.364
30.623,35.202
30.626,-88.068
30.673,76.788
30.691,-88.243
30.716,-96.331
30.724,-87.022
30.741,73.357
30.745,49.676
30.758,72.282
30.776,34.667
30.779,-86.522
30.784,114.208
30.832,-93.34
30.835,49.535
30.838,-85.182
30.854,75.951
30.907,41.138
30.93,-114.809
30.939,-6.909
30.968,-83.193
31.045,-93.191
31.067,-97.829
31.069,34.129
31.073,33.836
31.082,77.058
31.097,61.544
31.139,-97.714
31.184,29.949
31.198,121.336
31.208,35.012
31.226,-110.976
31.229,35.191
31.234,-94.75
31.279,32.24
31.287,34.723
31.321,-85.449
31.325,27.222
31.327,-92.548
31.328,35.388
31.337,48.762
31.352,-113.526
31.358,-100.496
31.358,69.463
31.365,72.995
31.367,130.845
31.395,-92.296
31.404,-9.685
31.411,37.279
31.418,-110.848
31.469,-109.604
31.495,74.346
31.506,65.848
31.521,74.403
31.588,-110.344
31.607,-8.036
31.611,-97.23
31.636,-106.429
31.638,-97.074
31.673,6.14
31.692,38.731
31.704,9.254
31.707,74.799
31.722,35.993
31.74,118.86
31.762,34.727
31.779,-103.201
31.78,117.298
31.795,-116.602
31.803,130.719
31.807,-106.378
31.839,34.822
31.849,-106.38
31.865,35.219
31.867,35.217
31.877,131.448
31.882,77.184
31.889,-81.562
31.889,72.309
31.905,54.276
31.909,70.896
31.917,5.413
31.942,-102.202
31.949,-4.401
31.972,35.991
32.002,49.271
32.009,34.877
32.01,-81.146
32.049,72.665
32.084,131.452
32.097,20.269
32.114,34.782
32.116,-110.941
32.127,-81.202
32.166,-110.883
32.234,75.634
32.305,69.569
32.306,10.382
32.311,-90.076
32.337,-104.263
32.337,-84.991
32.341,-106.403
32.344,-86.988
32.354,-95.402
32.356,36.259
32.379,-86.362
32.384,3.794
32.385,-94.711
32.411,-99.682
32.421,-99.854
32.434,48.398
32.441,35.006
32.446,-93.826
32.477,-80.723
32.502,-93.663
32.511,-92.037
32.541,-116.97
32.552,-88.556
32.563,71.571
32.567,51.691
32.599,35.228
32.608,-82.369
32.621,51.697
32.631,-115.241
32.64,-83.592
32.656,-114.606
32.66,35.182
32.663,13.159
32.666,128.833
32.669,-115.513
32.688,-103.217
32.69,74.838
32.693,-83.649
32.699,-117.215
32.733,-117.189
32.751,51.862
32.781,-98.06
32.789,21.964
32.811,35.044
32.82,-97.362
32.829,-115.672
32.834,-115.579
32.837,130.855
32.847,-96.852
32.852,-106.106
32.868,-117.143
32.896,-97.037
32.896,59.276
32.899,-80.04
32.922,129.923
32.929,51.561
32.93,3.312
32.934,47.483
32.972,70.525
32.981,35.572
33.013,70.064
33.05,73.638
33.068,6.089
33.068,-96.065
33.073,-16.35
33.115,139.786
33.221,-92.813
33.237,-107.272
33.262,44.234
33.301,-104.531
33.368,-7.588
33.37,-81.964
33.391,62.261
33.411,36.516
33.434,-112.008
33.436,48.286
33.454,-93.991
33.479,131.737
33.494,-90.084
33.505,-5.153
33.511,126.493
33.535,-112.383
33.536,-0.242
33.544,133.671
33.553,-7.661
33.561,73.032
33.563,-86.753
33.586,46.405
33.586,130.45
33.587,-80.209
33.588,-85.858
33.616,73.099
33.64,-84.427
33.644,-88.444
33.662,135.364
33.664,-101.823
33.668,56.892
33.676,-117.868
33.68,-78.928
33.685,131.041
33.706,-117.827
33.749,129.785
33.764,2.927
33.813,35.489
33.818,-118.151
33.827,132.7
33.829,-116.507
33.836,130.947
33.849,73.798
33.875,10.775
33.877,10.103
33.879,-5.515
33.881,-117.259
33.883,130.653
33.902,70.071
33.915,-84.516
33.923,-118.335
33.927,-4.978
33.93,131.279
33.939,-81.119
33.94,8.111
33.942,-118.408
33.952,-117.445
33.973,-80.473
33.986,72.611
33.987,74.774
33.989,-98.492
33.994,71.514
34.034,131.549
34.045,131.052
34.051,-6.751
34.056,-117.601
34.072,139.56
34.081,71.972
34.12,-119.121
34.133,134.606
34.136,77.546
34.14,49.848
34.144,132.236
34.169,51.318
34.175,-91.934
34.185,-79.724
34.201,-118.359
34.21,62.228
34.214,134.016
34.271,-77.903
34.285,129.33
34.296,-116.162
34.299,-6.596
34.303,-97.019
34.338,73.508
34.346,47.156
34.383,-103.322
34.399,70.499
34.422,8.822
34.434,-100.288
34.435,132.922
34.446,108.752
34.495,-82.709
34.519,113.841
34.557,38.317
34.566,69.212
34.589,36.011
34.59,32.988
34.591,133.933
34.593,-117.379
34.596,135.603
34.629,-118.084
34.65,-98.402
34.654,-112.419
34.667,-99.267
34.679,-86.685
34.708,-77.439
34.718,10.691
34.718,32.486
34.729,-92.224
34.729,-120.577
34.75,137.703
34.757,133.856
34.759,126.38
34.784,139.361
34.785,135.438
34.787,-1.924
34.793,5.738
34.804,-96.671
34.813,72.352
34.813,138.298
34.84,127.615
34.85,-92.3
34.868,48.552
34.875,33.625
34.882,-95.783
34.902,-76.881
34.905,-117.884
34.918,-92.146
34.987,139.829
34.991,-99.051
35.017,-1.45
35.035,-85.204
35.04,-106.609
35.042,-89.977
35.073,-77.043
35.083,-108.792
35.088,128.07
35.126,126.81
35.141,128.696
35.153,-2.92
35.165,-107.901
35.171,-79.014
35.171,129.129
35.172,-0.593
35.177,-3.839
35.179,128.938
35.183,-103.603
35.187,25.327
35.208,0.147
35.214,-80.943
35.214,26.098
35.219,-101.706
35.247,47.007
35.255,136.924
35.28,-2.956
35.28,-116.63
35.285,40.176
35.333,4.206
35.335,75.536
35.336,-94.367
35.339,-77.961
35.339,25.18
35.341,1.463
35.357,-89.87
35.393,-97.601
35.394,136.869
35.398,139.91
35.401,35.949
35.414,132.89
35.415,-97.386
35.421,27.146
35.421,26.91
35.431,8.121
35.433,-119.057
35.454,139.45
35.461,-77.965
35.492,133.236
35.498,12.618
35.514,139.394
35.525,2.879
35.53,134.166
35.532,24.149
35.542,-0.532
35.552,139.779
35.591,53.495
35.593,129.352
35.594,-5.32
35.6,-88.916
35.617,-106.088
35.624,-0.621
35.645,51.381
35.657,-95.361
35.672,139.528
35.688,-117.691
35.689,51.313
35.703,51.475
35.727,-5.917
35.735,-0.805
35.741,-81.389
35.748,139.348
35.752,0.626
35.758,10.755
35.765,140.386
35.799,140.011
35.812,-83.993
35.832,-90.646
35.841,139.41
35.856,129.211
35.857,14.478
35.877,-78.787
35.878,127.119
35.886,71.801
35.894,128.659
35.904,126.616
35.917,14.417
35.919,74.334
35.934,64.759
35.964,-89.943
35.988,129.42
36.005,-94.17
36.023,-102.547
36.08,-115.152
36.109,6.364
36.124,-86.678
36.134,-80.222
36.143,136.224
36.151,-5.349
36.167,137.923
36.178,5.324
36.181,37.224
36.181,140.415
36.181,133.325
36.198,-95.888
36.213,1.332
36.236,-115.034
36.241,50.047
36.261,-76.174
36.261,-93.155
36.263,120.375
36.274,23.017
36.277,6.624
36.295,-99.776
36.333,-119.952
36.34,-97.916
36.383,28.109
36.394,136.408
36.4,25.479
36.405,28.086
36.424,55.106
36.501,61.065
36.504,2.814
36.517,103.622
36.546,2.876
36.573,36.154
36.587,-115.673
36.632,128.355
36.644,53.188
36.645,-6.349
36.648,137.187
36.663,51.465
36.665,68.911
36.668,-87.496
36.674,-4.499
36.691,3.215
36.707,67.209
36.712,5.07
36.713,28.793
36.716,127.499
36.721,9.943
36.731,-97.1
36.741,-108.23
36.744,-6.06
36.75,65.912
36.774,48.36
36.775,69.532
36.776,-119.718
36.793,27.092
36.795,5.873
36.816,11.969
36.821,-76.033
36.822,7.809
36.844,-2.37
36.851,10.227
36.894,-76.201
36.901,30.792
36.909,54.402
36.91,50.679
36.938,-76.289
36.948,37.479
36.961,127.033
36.971,-25.171
36.973,22.526
36.982,35.28
37.002,35.426
37.014,-7.966
37.024,41.194
37.038,79.866
37.068,22.026
37.083,-76.36
37.091,127.029
37.092,38.846
37.132,-76.493
37.132,-92.084
37.133,-76.609
37.133,-3.636
37.149,-8.584
37.151,-107.754
37.175,-5.616
37.185,26.8
37.189,-3.777
37.239,127.007
37.245,9.791
37.286,67.308
37.325,49.606
37.349,46.126
37.362,-121.929
37.38,-120.568
37.383,55.452
37.401,14.922
37.402,121.372
37.415,-122.048
37.418,-5.893
37.423,24.951
37.435,25.348
37.438,127.96
37.446,127.114
37.467,15.066
37.493,57.301
37.505,-77.319
37.531,22.405
37.558,126.791
37.619,-122.375
37.623,-97.267
37.626,-120.954
37.628,56.173
37.65,-97.433
37.69,26.912
37.701,-113.099
37.721,-122.221
37.741,-92.141
37.741,-25.698
37.747,112.629
37.75,20.882
37.753,128.944
37.775,-0.812
37.785,29.701
37.785,30.582
37.794,-116.779
37.816,27.886
37.842,-4.849
37.884,127.718
37.888,23.732
37.894,-121.239
37.894,40.201
37.907,-85.972
37.913,12.488
37.921,21.293
37.927,-100.724
37.929,41.116
37.94,-75.466
37.951,-1.23
37.951,27.329
37.979,32.562
37.979,41.84
37.981,23.365
37.992,58.363
38.061,128.669
38.064,23.556
38.071,15.651
38.079,-7.932
38.109,23.784
38.111,13.313
38.12,20.501
38.133,46.235
38.139,140.917
38.145,24.014
38.148,128.601
38.151,21.426
38.176,13.091
38.228,-85.664
38.263,-121.927
38.281,114.696
38.282,-0.558
38.286,-76.412
38.289,-104.496
38.292,27.157
38.319,27.16
38.326,48.424
38.34,-75.51
38.34,23.565
38.343,26.141
38.405,141.219
38.412,140.371
38.436,38.092
38.468,43.332
38.489,-121.102
38.502,-77.305
38.513,-121.493
38.513,27.01
38.517,26.977
38.52,-28.716
38.533,-7.889
38.543,68.825
38.545,-89.835
38.554,-121.297
38.554,-28.44
38.602,21.351
38.607,39.291
38.665,-28.176
38.667,-121.401
38.678,-104.756
38.681,29.471
38.695,-121.591
38.704,-9.036
38.717,-9.156
38.725,-9.355
38.726,30.601
38.73,-93.548
38.748,-90.36
38.754,41.661
38.764,-27.093
38.77,35.495
38.772,34.534
38.781,-9.136
38.806,-104.7
38.809,27.834
38.811,-76.867
38.812,139.787
38.818,-92.219
38.831,-9.339
38.843,-94.561
38.852,-77.037
38.873,1.373
38.883,-9.03
38.889,-79.857
38.891,-6.821
38.906,16.242
38.925,20.765
38.944,-77.456
38.948,-1.863
38.951,-95.664
38.966,121.538
38.968,24.487
38.997,17.08
39.008,-74.908
39.033,125.783
39.046,-84.662
39.055,-96.764
39.057,26.598
39.083,63.613
39.085,-76.759
39.092,-28.03
39.103,-84.419
39.124,117.346
39.13,-75.466
39.136,-121.436
39.175,-76.668
39.177,23.504
39.219,22.794
39.251,9.054
39.297,-94.714
39.354,8.972
39.368,-94.914
39.368,-75.072
39.416,-118.701
39.427,30.016
39.431,141.136
39.451,-87.307
39.451,31.365
39.455,-31.131
39.458,-74.577
39.466,-76.169
39.475,-8.364
39.48,22.767
39.489,-0.481
39.498,-119.768
39.543,76.022
39.55,2.733
39.552,2.739
39.599,2.703
39.602,19.912
39.604,47.881
39.616,140.219
39.619,27.925
39.65,22.465
39.679,-75.606
39.696,20.822
39.701,66.985
39.702,-104.751
39.71,39.526
39.717,-86.294
39.775,64.48
39.784,30.582
39.795,-121.858
39.81,30.519
39.814,-82.928
39.814,36.903
39.826,-84.048
39.831,-8.887
39.858,-104.667
39.862,4.258
39.863,4.219
39.872,-75.241
39.902,-84.219
39.917,25.236
39.919,9.683
39.935,32.741
39.938,-3.503
39.95,32.689
39.956,41.17
39.998,-82.892
40.0,32.0
40.016,-74.594
40.033,-74.353
40.033,52.983
40.079,32.566
40.08,116.584
40.082,-75.011
40.128,32.995
40.138,26.427
40.148,44.397
40.157,-8.47
40.193,-76.763
40.2,-75.148
40.232,29.009
40.239,18.133
40.255,29.563
40.265,-7.48
40.277,-74.813
40.286,21.841
40.294,-3.724
40.296,-78.32
40.305,36.368
40.318,27.977
40.371,-3.785
40.417,-3.5
40.417,12.333
40.435,-76.569
40.449,21.276
40.468,50.047
40.472,-3.561
40.487,-3.458
40.491,-80.233
40.516,17.402
40.52,22.971
40.556,141.466
40.562,43.115
40.609,72.793
40.62,14.911
40.632,8.291
40.64,-73.779
40.648,-86.152
40.651,22.489
40.657,17.947
40.683,29.379
40.692,-74.169
40.703,141.368
40.719,-114.031
40.725,-7.889
40.734,140.691
40.735,30.083
40.768,16.933
40.777,-73.872
40.788,-111.978
40.795,-73.1
40.829,35.522
40.844,-72.632
40.85,-74.061
40.851,-96.759
40.853,111.822
40.856,25.956
40.886,14.291
40.899,9.518
40.913,24.619
40.916,-8.646
40.952,-5.502
40.972,24.342
40.974,-8.645
40.977,28.821
40.993,29.216
40.995,39.79
41.038,-81.467
41.061,14.082
41.067,-73.707
41.071,-87.846
41.118,-95.913
41.124,-111.973
41.138,16.761
41.138,27.919
41.147,1.167
41.156,-104.812
41.163,-73.126
41.18,20.742
41.242,-76.921
41.248,-8.681
41.253,-70.06
41.254,31.415
41.257,69.282
41.261,-80.679
41.274,-7.72
41.276,36.304
41.297,2.078
41.302,-95.894
41.314,33.796
41.412,-81.85
41.415,19.721
41.433,-82.652
41.433,15.535
41.501,9.098
41.504,-74.105
41.516,32.1
41.534,-93.663
41.539,15.713
41.542,12.909
41.587,-8.445
41.654,12.444
41.658,-70.521
41.663,8.89
41.666,-1.041
41.669,44.955
41.706,-4.852
41.724,-71.428
41.736,-72.65
41.77,140.822
41.786,-87.752
41.799,12.595
41.813,12.253
41.868,-6.712
41.901,2.76
41.908,-88.249
41.921,-71.491
41.924,8.803
41.924,9.406
41.939,-72.683
41.952,12.499
41.961,21.621
41.979,-87.904
41.99,12.741
42.019,35.079
42.068,24.851
42.198,-72.534
42.212,-83.353
42.232,-8.627
42.238,-83.53
42.276,-82.956
42.294,9.193
42.339,1.409
42.358,-3.621
42.359,19.252
42.364,-71.005
42.364,69.479
42.377,25.655
42.402,-96.384
42.404,18.723
42.409,-83.01
42.422,-87.868
42.43,12.064
42.431,14.181
42.47,-71.289
42.486,59.623
42.531,8.793
42.551,-94.193
42.554,9.483
42.561,18.268
42.569,27.514
42.573,21.036
42.589,-5.656
42.613,-82.832
42.695,23.406
42.733,143.217
42.74,2.871
42.748,-73.803
42.76,10.239
42.761,11.072
42.77,-1.646
42.775,141.692
42.779,-84.587
42.794,141.666
42.817,47.652
42.858,41.128
42.881,-85.523
42.882,129.448
42.883,-2.724
42.89,143.158
42.896,-8.415
42.908,-106.464
42.911,-82.529
42.94,-78.732
42.947,-87.896
42.999,-82.309
43.008,1.103
43.036,-81.154
43.043,-115.872
43.062,74.478
43.091,1.696
43.096,12.513
43.097,6.146
43.107,-78.946
43.111,-76.106
43.116,141.38
43.119,-77.672
43.14,-89.337
43.151,25.713
43.173,-79.935
43.176,2.734
43.179,-0.006
43.216,2.306
43.232,27.825
43.234,-75.407
43.248,6.127
43.252,5.785
43.257,11.254
43.283,17.846
43.301,-2.911
43.302,-8.377
43.324,3.356
43.352,77.04
43.356,-1.791
43.38,-0.419
43.384,6.387
43.399,132.151
43.427,-3.82
43.436,5.214
43.446,39.947
43.449,1.263
43.459,-80.384
43.468,-1.523
43.505,5.368
43.523,4.924
43.539,16.298
43.542,6.953
43.546,1.367
43.556,2.289
43.563,-6.034
43.564,-116.223
43.569,1.481
43.576,3.963
43.577,144.96
43.586,1.499
43.606,5.109
43.627,-79.396
43.629,1.364
43.646,-70.309
43.661,7.218
43.671,142.447
43.677,-79.631
43.684,10.393
43.688,0.602
43.709,-0.245
43.742,-79.466
43.757,4.416
43.81,11.205
43.824,18.331
43.86,51.092
43.862,-79.37
43.881,144.164
43.907,4.902
43.907,87.474
43.912,-0.507
43.914,2.113
43.99,3.183
43.992,-76.022
44.02,12.612
44.026,1.378
44.03,5.078
44.051,8.127
44.056,-75.719
44.057,5.495
44.069,4.142
44.108,15.347
44.119,-77.528
44.14,4.867
44.145,-103.103
44.146,-1.174
44.175,0.591
44.177,2.515
44.195,12.07
44.203,-72.562
44.224,12.306
44.225,-76.597
44.225,43.082
44.23,-78.363
44.304,143.404
44.318,23.889
44.321,-69.797
44.351,1.475
44.36,-84.671
44.362,28.488
44.385,-98.228
44.397,0.759
44.408,2.482
44.412,8.842
44.451,-83.394
44.472,-73.153
44.485,-88.129
44.499,0.2
44.502,3.533
44.503,26.102
44.524,129.569
44.533,-1.125
44.534,11.29
44.544,4.372
44.546,7.622
44.557,15.774
44.574,26.103
44.596,-1.111
44.64,-63.499
44.651,-73.468
44.682,-75.466
44.746,-81.107
44.807,-68.828
44.818,20.309
44.824,10.296
44.825,0.519
44.828,-0.716
44.88,-93.217
44.881,-63.509
44.891,2.422
44.893,13.922
44.913,9.723
44.921,4.97
44.936,-74.845
44.941,17.298
44.975,-79.303
44.982,-0.135
44.984,-64.917
45.035,39.172
45.039,33.983
45.062,28.714
45.076,2.994
45.079,3.765
45.086,7.603
45.109,42.113
45.126,-87.638
45.147,21.31
45.151,1.469
45.154,-89.111
45.194,-123.136
45.198,0.816
45.201,7.649
45.217,14.57
45.242,141.186
45.294,-73.281
45.316,-65.89
45.323,-75.669
45.363,5.329
45.379,14.504
45.396,11.848
45.396,10.888
45.404,141.801
45.42,22.253
45.429,10.331
45.432,10.268
45.438,-71.691
45.445,9.277
45.463,18.811
45.468,-73.741
45.472,10.928
45.473,13.615
45.505,12.352
45.517,-73.417
45.521,-75.564
45.529,8.669
45.535,2.424
45.54,4.296
45.54,9.202
45.542,18.636
45.56,-93.608
45.561,5.976
45.574,11.531
45.589,-122.597
45.623,126.25
45.628,-0.973
45.631,8.728
45.638,5.88
45.648,-68.686
45.649,12.195
45.658,-0.318
45.674,9.704
45.68,-74.039
45.684,12.086
45.726,5.091
45.728,4.945
45.729,0.221
45.738,7.368
45.743,16.069
45.773,-122.862
45.786,3.169
45.786,24.091
45.81,21.338
45.828,13.466
45.863,1.179
45.869,-66.532
45.885,-82.568
45.888,-0.983
45.9,15.53
45.916,4.641
45.929,6.099
45.952,-77.319
45.981,13.054
45.987,5.328
46.004,8.911
46.032,12.596
46.058,4.001
46.112,-64.679
46.123,-67.792
46.161,-60.048
46.169,3.404
46.176,21.262
46.192,6.268
46.201,5.292
46.219,7.327
46.224,2.363
46.224,14.457
46.238,6.109
46.274,-75.99
46.283,48.006
46.29,-63.121
46.295,16.381
46.295,4.796
46.304,18.769
46.304,7.714
46.304,7.823
46.311,-0.401
46.352,2.57
46.354,-87.396
46.364,-79.423
46.389,17.731
46.393,17.917
46.413,4.013
46.427,30.678
46.443,-63.831
46.461,11.326
46.468,24.412
46.472,15.117
46.48,15.686
46.485,-84.509
46.488,7.251
46.501,8.296
46.522,26.91
46.532,9.883
46.534,-87.562
46.534,3.424
46.588,0.307
46.607,-111.983
46.614,7.678
46.625,-80.799
46.642,14.338
46.65,14.333
46.676,7.879
46.686,17.159
46.689,-68.045
46.702,-1.379
46.719,-2.391
46.743,8.11
46.763,-56.175
46.785,23.686
46.788,-71.398
46.826,4.817
46.842,-92.194
46.843,6.915
46.843,130.465
46.858,18.096
46.862,1.731
46.871,-68.018
46.889,142.717
46.894,75.005
46.904,6.327
46.914,7.497
46.917,19.749
46.928,28.931
46.944,8.284
46.966,4.26
46.975,8.399
46.991,15.439
47.0,15.433
47.001,3.114
47.006,4.893
47.008,-65.449
47.025,21.902
47.039,5.427
47.053,2.632
47.058,2.37
47.078,17.968
47.079,-122.581
47.079,9.065
47.082,-0.877
47.084,6.793
47.092,8.305
47.095,-56.38
47.123,20.235
47.138,-122.476
47.153,-1.611
47.179,27.62
47.181,7.417
47.203,14.744
47.208,-119.32
47.208,6.083
47.257,-0.115
47.258,39.818
47.26,11.344
47.269,5.09
47.289,-2.346
47.312,-2.149
47.335,5.514
47.345,18.981
47.364,17.501
47.383,8.567
47.386,-92.839
47.399,8.648
47.408,-1.177
47.425,-61.778
47.432,0.728
47.437,19.256
47.449,-122.309
47.465,8.549
47.482,-111.371
47.485,9.561
47.487,6.792
47.489,21.615
47.497,-0.573
47.53,-122.302
47.571,19.339
47.589,7.53
47.615,-117.656
47.619,-52.752
47.62,-117.534
47.638,6.204
47.658,23.47
47.671,9.511
47.683,-117.322
47.688,26.354
47.695,-79.849
47.703,22.886
47.704,6.546
47.708,67.733
47.723,-2.718
47.761,-3.44
47.764,-69.585
47.783,6.364
47.793,13.004
47.82,-83.346
47.838,27.781
47.843,16.26
47.843,106.766
47.85,3.497
47.859,10.014
47.897,2.163
47.906,-122.281
47.922,7.399
47.949,-97.176
47.949,0.202
47.961,-97.401
47.973,8.522
47.975,-4.168
47.984,21.692
47.988,1.761
47.989,10.239
47.991,-66.331
47.992,3.392
48.0,16.5
48.02,7.834
48.031,-0.743
48.052,-3.664
48.053,-77.783
48.054,9.373
48.058,-2.922
48.058,1.376
48.069,-1.735
48.071,10.906
48.073,37.74
48.081,11.283
48.085,5.665
48.11,7.359
48.11,16.57
48.111,9.763
48.141,-123.414
48.17,17.212
48.178,-103.642
48.183,14.041
48.186,10.862
48.206,-78.836
48.206,11.267
48.22,9.91
48.233,14.183
48.233,14.188
48.259,-101.28
48.26,25.982
48.282,-4.445
48.321,16.112
48.322,11.949
48.323,4.018
48.325,6.07
48.331,-70.996
48.352,-122.656
48.354,11.786
48.357,35.102
48.372,-89.324
48.396,12.724
48.402,17.118
48.416,-101.357
48.425,10.932
48.43,4.481
48.448,-4.418
48.463,-5.064
48.52,-72.266
48.528,135.188
48.53,-4.151
48.538,-2.854
48.538,7.628
48.543,-109.762
48.544,-58.55
48.546,-0.387
48.566,-93.403
48.57,-81.377
48.583,5.955
48.588,-2.08
48.594,3.005
48.597,2.331
48.597,6.545
48.603,-3.816
48.605,2.671
48.608,-112.376
48.609,-68.208
48.625,17.828
48.636,13.195
48.636,4.899
48.638,19.134
48.647,-123.426
48.663,21.241
48.69,9.222
48.692,6.23
48.711,11.211
48.716,11.534
48.725,2.359
48.728,-94.612
48.746,-69.097
48.752,2.106
48.754,-3.471
48.766,7.2
48.774,-91.639
48.774,2.201
48.775,-64.479
48.776,4.184
48.778,10.264
48.78,5.98
48.782,44.345
48.791,8.187
48.792,-122.537
48.793,7.816
48.838,3.016
48.865,17.992
48.883,-1.564
48.901,12.518
48.937,-54.568
48.942,-97.241
48.946,14.427
48.969,2.441
48.982,8.333
48.982,6.254
49.013,2.55
49.025,-122.363
49.029,1.22
49.029,17.44
49.052,-123.87
49.072,6.132
49.073,20.241
49.082,-125.772
49.096,2.041
49.118,9.777
49.122,5.469
49.132,-68.207
49.151,16.694
49.153,-121.939
49.166,16.125
49.173,-0.45
49.195,-123.182
49.205,119.825
49.208,-2.195
49.208,4.157
49.209,7.401
49.21,-102.966
49.211,-57.391
49.214,7.109
49.216,-122.71
49.218,11.101
49.218,11.836
49.227,5.672
49.232,18.614
49.245,14.714
49.253,2.519
49.296,-117.632
49.302,8.451
49.31,4.05
49.359,26.934
49.365,0.154
49.384,1.175
49.392,9.958
49.393,8.652
49.414,-82.468
49.426,17.405
49.435,-2.602
49.438,7.601
49.454,2.113
49.463,-119.602
49.468,-120.512
49.473,8.514
49.499,11.078
49.534,0.088
49.563,8.463
49.606,8.368
49.61,-115.782
49.626,6.211
49.63,-112.8
49.634,11.767
49.648,9.966
49.65,7.3
49.65,-1.47
49.675,13.274
49.684,15.676
49.696,18.111
49.699,11.941
49.711,-124.887
49.719,14.097
49.743,10.201
49.758,3.212
49.762,-77.803
49.778,-86.939
49.784,4.647
49.788,-94.363
49.794,11.132
49.813,23.956
49.832,-92.744
49.836,-64.289
49.863,11.788
49.863,6.789
49.869,3.028
49.871,2.386
49.887,5.229
49.903,-98.275
49.91,-99.952
49.91,-97.234
49.92,10.914
49.939,15.382
49.95,7.264
49.951,-125.271
49.956,-119.378
49.961,8.644
49.969,8.147
49.971,2.7
49.973,6.692
49.984,11.638
50.013,15.739
50.018,10.529
50.019,-110.721
50.026,8.543
50.05,8.325
50.056,-97.032
50.078,19.785
50.086,-5.256
50.101,14.26
50.11,22.019
50.114,-91.904
50.121,14.544
50.141,3.263
50.143,1.832
50.169,8.961
50.174,7.063
50.183,-86.696
50.19,-61.789
50.203,12.915
50.216,14.396
50.222,3.154
50.223,-66.266
50.238,19.035
50.244,4.649
50.245,57.203
50.253,15.845
50.263,10.996
50.289,11.855
50.29,-88.91
50.292,-107.691
50.31,4.033
50.322,21.462
50.325,7.531
50.326,3.461
50.33,-105.559
50.332,-115.874
50.345,30.895
50.351,80.234
50.366,7.315
50.402,30.452
50.406,6.528
50.422,127.41
50.423,-4.106
50.432,-104.666
50.441,-4.995
50.459,4.454
50.474,19.08
50.515,1.627
50.54,15.006
50.562,3.089
50.576,3.831
50.618,2.642
50.637,5.443
50.681,-127.367
50.702,-120.442
50.708,8.082
50.734,-3.414
50.759,4.768
50.78,-1.843
50.788,5.193
50.818,3.208
50.823,6.187
50.831,6.658
50.836,-0.297
50.866,7.143
50.902,4.499
50.911,5.77
50.917,11.714
50.948,5.592
50.95,-1.357
50.956,0.939
50.961,6.042
50.962,1.955
50.98,10.958
50.982,12.506
50.993,10.473
51.009,-2.639
51.022,71.467
51.035,8.679
51.087,-4.15
51.09,2.653
51.099,7.602
51.101,-100.052
51.102,16.886
51.114,-114.02
51.114,9.286
51.117,-0.534
51.133,13.767
51.144,3.474
51.148,-0.19
51.152,-1.747
51.152,51.546
51.168,5.471
51.185,-1.032
51.19,4.463
51.193,14.52
51.199,2.862
51.2,6.132
51.23,6.504
51.234,-0.943
51.255,5.601
51.265,-102.462
51.266,4.755
51.276,-0.776
51.289,6.767
51.291,-80.608
51.294,13.359
51.296,14.129
51.308,13.555
51.324,-0.848
51.328,12.657
51.331,0.033
51.333,4.5
51.342,1.346
51.363,11.941
51.364,14.952
51.383,-2.719
51.383,-0.783
51.392,-56.084
51.395,4.961
51.397,-3.343
51.401,6.936
51.405,-3.436
51.408,9.378
51.424,12.236
51.446,-90.214
51.449,4.342
51.45,5.374
51.477,-0.461
51.483,7.899
51.505,-1.993
51.505,0.054
51.517,-109.181
51.518,7.612
51.519,-2.591
51.53,6.537
51.552,12.053
51.553,-0.418
51.568,4.933
51.571,0.696
51.602,6.143
51.605,-4.068
51.608,13.738
51.614,8.616
51.616,-1.096
51.664,14.634
51.668,-2.057
51.676,-1.081
51.682,-1.79
51.721,11.962
51.722,0.154
51.722,19.398
51.75,-1.584
51.767,0.25
51.768,14.292
51.768,13.167
51.796,55.457
51.807,107.438
51.814,39.23
51.832,12.186
51.833,-4.961
51.837,-1.32
51.843,-8.492
51.856,11.418
51.874,-0.368
51.878,-176.646
51.885,0.235
51.889,14.532
51.894,-2.167
51.923,8.306
51.957,4.442
51.996,6.84
52.026,113.305
52.041,-1.096
52.061,5.873
52.072,-0.617
52.074,11.626
52.075,-111.445
52.127,0.956
52.127,5.276
52.134,7.685
52.139,15.799
52.166,20.967
52.17,4.426
52.171,-106.7
52.177,9.946
52.179,-113.893
52.181,-9.524
52.183,-122.054
52.187,-7.087
52.197,14.586
52.203,13.159
52.205,0.175
52.267,104.395
52.27,6.874
52.278,9.082
52.291,7.387
52.309,4.764
52.319,10.556
52.339,7.541
52.343,0.773
52.357,-0.108
52.361,0.488
52.37,-1.48
52.38,13.523
52.409,0.561
52.421,16.826
52.43,-114.904
52.454,-1.748
52.457,9.427
52.46,5.527
52.461,9.685
52.468,-0.251
52.473,13.404
52.517,-2.26
52.527,31.017
52.559,13.287
52.58,13.916
52.585,8.341
52.591,10.022
52.608,-1.032
52.613,-0.476
52.629,11.82
52.64,-2.306
52.648,0.55
52.676,1.283
52.702,-8.925
52.712,174.114
52.736,-0.649
52.755,1.357
52.769,-108.244
52.798,-2.668
52.812,-4.123
52.817,-102.311
52.831,-1.328
52.871,-2.533
52.919,12.425
52.919,10.184
52.92,-1.079
52.922,-66.864
52.923,4.781
52.962,-0.561
53.026,-122.51
53.031,-0.481
53.047,8.787
53.093,-0.166
53.119,6.13
53.119,6.579
53.143,8.623
53.166,-0.524
53.166,158.453
53.178,-2.978
53.206,63.551
53.214,-105.673
53.214,34.176
53.229,5.761
53.248,-4.535
53.254,-131.814
53.258,-4.373
53.272,7.443
53.301,-8.939
53.303,-6.443
53.306,12.753
53.307,-0.551
53.309,-110.072
53.31,-113.58
53.319,-60.426
53.334,-2.85
53.338,-2.149
53.354,-2.275
53.356,-110.824
53.364,83.542
53.391,7.227
53.392,14.634
53.393,58.76
53.394,-1.388
53.421,-6.27
53.427,11.783
53.503,8.573
53.505,8.053
53.505,50.164
53.515,142.888
53.533,7.889
53.535,9.835
53.548,7.667
53.56,-0.858
53.573,-113.521
53.574,-0.351
53.579,-116.465
53.581,-3.055
53.585,14.902
53.595,6.709
53.602,13.306
53.625,-77.704
53.63,9.988
53.667,-113.467
53.707,7.23
53.719,-0.566
53.74,91.385
53.745,-2.883
53.767,8.658
53.772,-3.029
53.791,15.828
53.805,10.719
53.833,13.669
53.834,-1.195
53.864,27.539
53.866,-1.661
53.879,14.152
53.882,28.031
53.889,-122.679
53.9,-166.543
53.91,-8.818
53.918,12.279
53.994,9.578
54.042,16.264
54.049,-1.252
54.083,-4.624
54.125,-108.523
54.13,-3.256
54.137,-1.42
54.144,-115.787
54.206,-1.382
54.221,9.601
54.28,-8.599
54.286,-130.445
54.292,-1.535
54.312,9.538
54.338,12.71
54.377,18.466
54.379,10.145
54.399,-7.652
54.405,-110.279
54.459,9.516
54.466,-128.577
54.479,17.108
54.509,-1.429
54.557,55.874
54.618,-5.873
54.625,9.341
54.657,-6.216
54.678,-101.682
54.699,11.44
54.772,9.378
54.805,-66.805
54.825,-127.183
54.851,-4.948
54.87,9.279
54.89,20.592
54.913,8.34
54.938,-2.809
54.964,9.792
54.967,73.31
55.038,-1.692
55.042,-131.572
55.043,-7.161
55.044,-8.341
55.063,14.759
55.151,-105.262
55.167,30.133
55.18,-118.885
55.206,-162.724
55.225,9.264
55.27,86.107
55.283,-77.767
55.293,-114.778
55.303,61.507
55.356,-131.714
55.436,9.331
55.475,65.415
55.476,10.329
55.508,-4.587
55.526,8.553
55.53,13.371
55.586,12.131
55.591,37.261
55.608,49.277
55.618,12.656
55.682,-6.257
55.697,9.193
55.74,9.152
55.742,-120.182
55.767,12.343
55.801,-97.864
55.842,-108.418
55.872,-4.433
55.922,14.085
55.941,12.382
55.945,12.861
55.95,-3.373
55.972,37.415
55.99,8.354
56.184,14.132
56.227,-117.447
56.238,-120.74
56.267,15.265
56.296,12.847
56.297,9.124
56.304,10.619
56.35,-94.7
56.371,101.699
56.373,-2.868
56.397,8.443
56.453,-3.026
56.499,-6.869
56.55,9.173
56.578,-169.661
56.611,15.605
56.653,-111.222
56.685,16.288
56.691,12.82
56.741,60.804
56.785,13.602
56.825,35.758
56.844,15.452
56.847,9.459
56.864,-101.076
56.929,14.728
56.95,13.922
57.047,-135.361
57.069,8.705
57.093,9.849
57.167,-170.22
57.204,-2.2
57.264,13.599
57.278,11.001
57.292,14.137
57.35,16.498
57.481,-7.363
57.503,10.229
57.526,15.824
57.54,-4.05
57.663,12.28
57.663,18.346
57.705,-3.339
57.75,-152.494
57.758,14.069
57.775,11.87
57.917,56.026
58.096,-68.427
58.1,6.625
58.17,13.588
58.204,8.085
58.214,-6.329
58.23,22.509
58.307,26.69
58.318,12.345
58.355,-134.576
58.402,15.526
58.406,15.68
58.409,13.262
58.419,24.473
58.422,-130.032
58.426,12.714
58.456,13.973
58.459,-3.093
58.465,13.174
58.498,13.053
58.514,14.507
58.586,16.251
58.598,14.114
58.611,16.103
58.621,-117.165
58.647,-162.061
58.677,-156.649
58.739,-94.065
58.767,-111.117
58.789,16.912
58.791,16.571
58.836,-122.597
58.877,5.638
58.958,-2.905
58.991,22.831
59.011,-161.819
59.045,-158.503
59.181,17.912
59.185,9.567
59.187,10.259
59.224,15.038
59.259,24.204
59.314,17.109
59.345,5.208
59.346,14.496
59.351,16.708
59.354,17.941
59.362,-155.257
59.379,10.786
59.386,15.924
59.413,24.833
59.419,17.891
59.45,-146.309
59.46,-135.316
59.503,-139.66
59.566,9.212
59.589,16.634
59.646,-151.476
59.652,17.919
59.676,12.639
59.754,-154.911
59.792,5.341
59.8,30.265
59.849,23.083
59.879,-1.296
59.896,10.617
59.897,17.588
59.91,150.717
59.969,11.036
60.02,13.579
60.022,-111.96
60.118,-128.822
60.122,19.898
60.133,18.105
60.157,12.991
60.173,-132.743
60.194,11.1
60.254,25.043
60.293,5.218
60.32,24.956
60.334,24.296
60.417,8.514
60.422,15.515
60.432,-1.298
60.463,23.652
60.492,-145.477
60.514,22.263
60.573,-151.245
60.593,16.951
60.639,6.501
60.654,24.881
60.709,-135.068
60.745,24.108
60.78,-161.838
60.818,11.067
60.84,-115.783
60.896,26.938
60.95,76.467
60.958,14.511
61.011,9.293
61.044,28.144
61.062,26.799
61.094,-94.071
61.097,-155.574
61.116,22.201
61.134,-146.248
61.144,25.693
61.156,7.136
61.161,-45.427
61.174,-149.996
61.181,-113.69
61.19,14.712
61.214,-149.846
61.246,22.193
61.249,28.904
61.25,73.5
61.251,-149.806
61.266,-149.653
61.371,-139.041
61.392,5.764
61.414,23.604
61.462,21.8
61.584,5.025
61.595,-149.089
61.648,50.846
61.686,27.202
61.689,23.074
61.76,-121.237
61.768,17.081
61.773,24.027
61.78,-166.039
61.856,24.786
61.869,12.691
61.898,15.705
61.943,28.945
62.048,14.423
62.064,-7.277
62.065,28.356
62.093,129.771
62.155,-145.456
62.166,30.074
62.171,27.869
62.208,-133.376
62.32,-150.094
62.399,25.678
62.409,13.747
62.463,-114.44
62.463,22.393
62.481,17.003
62.528,17.444
62.56,6.11
62.578,11.342
62.659,29.624
62.746,7.272
62.811,-92.116
62.894,-155.976
62.947,23.519
62.953,-155.606
62.961,-141.929
63.007,27.798
63.048,17.769
63.051,21.761
63.112,7.824
63.127,23.051
63.129,14.803
63.194,14.502
63.209,-123.437
63.408,18.99
63.424,-20.279
63.458,10.94
63.617,-135.867
63.634,17.94
63.699,9.604
63.721,23.143
63.732,25.926
63.738,15.458
63.756,-68.556
63.792,20.282
63.888,-160.799
63.985,-22.606
63.994,-145.721
64.043,-139.128
64.06,24.716
64.13,-21.941
64.191,-51.678
64.23,-76.527
64.285,27.692
64.296,-15.227
64.299,-96.078
64.301,-149.12
64.38,-173.247
64.512,-165.445
64.548,18.716
64.571,19.314
64.579,16.833
64.625,21.077
64.666,-147.101
64.688,24.696
64.735,177.741
64.736,-156.937
64.815,-147.856
64.837,-147.614
64.93,25.354
64.961,17.696
65.106,20.761
65.174,-152.109
65.282,-126.8
65.283,-14.401
65.399,21.265
65.402,26.947
65.459,12.214
65.544,22.122
65.556,-23.965
65.563,-167.922
65.583,-37.15
65.59,19.282
65.66,-18.072
65.782,24.599
65.784,13.215
65.806,15.083
65.836,21.471
65.875,20.15
65.952,-17.426
65.957,12.469
65.987,29.239
65.993,-153.704
66.058,-23.135
66.133,-18.917
66.145,-65.714
66.314,-16.461
66.417,112.05
66.496,20.147
66.521,-86.225
66.565,25.83
66.571,-145.25
66.59,66.61
66.713,27.157
66.884,-162.598
66.915,-151.528
67.017,-50.689
67.132,20.814
67.269,14.363
67.395,26.619
67.408,-134.86
67.5,171.0
67.546,-64.031
67.571,-139.839
67.701,24.847
67.765,20.257
67.817,-115.144
67.822,20.337
68.304,-133.483
68.362,23.424
68.491,16.678
68.534,-89.808
68.607,27.405
68.636,-95.85
68.776,-81.244
68.782,32.751
68.875,-166.11
69.056,18.54
69.108,-105.138
69.233,-51.067
69.293,16.144
69.433,-133.026
69.547,-93.577
69.683,18.919
69.725,29.887
69.733,-163.005
69.787,20.959
69.977,23.366
70.069,24.973
70.134,-143.577
70.195,-148.465
70.355,31.045
70.486,-68.517
70.487,22.14
70.499,-149.879
70.6,29.692
70.613,-159.86
70.739,-22.646
70.763,-117.806
71.285,-156.766
71.994,-125.243
72.683,-77.967
72.982,-84.614
74.717,-94.969
76.531,-68.703
78.246,15.466
79.995,-85.813
82.518,-62.281