time,little,alt,latlon,u,t
2022-05-26T23:00,9,8,66,6,48
2022-05-27T00:00,1,1,4,0,2
2022-05-27T01:00,5,3,5,2,21
2022-05-27T02:00,3,1,6,2,20
2022-05-27T03:00,9,9,18,3,156
2022-05-27T04:00,4,2,3,2,21
2022-05-27T05:00,6,1,7,3,50
2022-05-27T06:00,3,4,12,2,16
2022-05-27T07:00,31,12,198,2,117
2022-05-27T08:00,47,30,326,2,27
2022-05-27T09:00,51,25,261,13,90
2022-05-27T10:00,57,43,304,3,106
2022-05-27T11:00,62,26,297,1,46
2022-05-27T12:00,49,27,223,4,32
2022-05-27T13:00,52,39,249,18,73
2022-05-27T14:00,51,29,186,2,45
2022-05-27T15:00,43,25,256,0,32
2022-05-27T16:00,42,27,252,1,24
2022-05-27T17:00,58,35,262,9,71
2022-05-27T18:00,55,39,261,1,62
2022-05-27T19:00,54,34,238,1,100
2022-05-27T20:00,44,39,226,1,63
2022-05-27T21:00,21,10,80,0,18
2022-05-27T22:00,19,13,42,10,60
2022-05-27T23:00,8,1,61,0,11
2022-05-28T00:00,2,2,8,0,17
2022-05-28T01:00,1,0,0,0,0
2022-05-28T02:00,1,0,11,6,4
2022-05-28T03:00,0,0,0,0,0
2022-05-28T04:00,2,0,5,0,8
2022-05-28T05:00,2,1,2,0,15
2022-05-28T06:00,4,3,15,2,3
2022-05-28T07:00,35,33,150,1,65
2022-05-28T08:00,58,24,243,8,90
2022-05-28T09:00,51,30,218,13,43
2022-05-28T10:00,62,43,354,18,21
2022-05-28T11:00,51,36,250,0,52
2022-05-28T12:00,42,19,168,0,29
2022-05-28T13:00,46,30,262,3,36
2022-05-28T14:00,56,18,207,8,34
2022-05-28T15:00,46,39,221,4,28
2022-05-28T16:00,36,38,235,3,36
2022-05-28T18:00,6,2,52,0,6
2022-05-28T19:00,44,24,247,1,56
2022-05-28T20:00,51,42,228,7,69
2022-05-28T21:00,15,3,83,0,28
2022-05-28T22:00,13,15,32,0,20
2022-05-28T23:00,6,3,80,0,6
2022-05-29T00:00,5,2,13,4,2
2022-05-29T01:00,3,3,7,0,8
2022-05-29T02:00,4,4,15,0,18
2022-05-29T03:00,9,6,15,0,0
2022-05-29T04:00,4,1,3,0,0
2022-05-29T05:00,1,0,2,2,14
2022-05-29T06:00,5,7,22,3,13
2022-05-29T07:00,38,29,146,13,87
2022-05-29T08:00,53,32,274,3,42
2022-05-29T09:00,55,38,258,4,34
2022-05-29T10:00,70,49,382,10,43
2022-05-29T11:00,62,47,331,1,25
2022-05-29T12:00,47,23,123,6,38
2022-05-29T13:00,64,27,233,5,105
2022-05-29T14:00,55,23,183,0,29
2022-05-29T15:00,54,43,206,10,70
2022-05-29T16:00,50,25,238,0,59
2022-05-29T17:00,56,32,209,3,60
2022-05-29T19:00,7,4,30,5,24
2022-05-29T20:00,37,31,204,16,54
2022-05-29T21:00,20,11,72,7,34
2022-05-29T22:00,11,4,24,2,46
2022-05-29T23:00,10,4,63,4,27
2022-05-30T00:00,5,4,8,4,15
2022-05-30T01:00,5,4,8,0,33
2022-05-30T02:00,9,11,30,8,16
2022-05-30T03:00,3,0,1,4,14
2022-05-30T04:00,3,1,0,0,0
2022-05-30T05:00,0,0,0,0,0
2022-05-30T06:00,3,5,13,4,27
2022-05-30T07:00,54,27,210,5,111
2022-05-30T08:00,60,31,216,3,68
2022-05-30T09:00,68,52,263,2,120
2022-05-30T10:00,81,43,305,4,76
2022-05-30T11:00,60,45,238,0,46
2022-05-30T12:00,53,35,178,3,69
2022-05-30T13:00,54,32,209,9,127
2022-05-30T14:00,62,34,275,1,88
2022-05-30T15:00,57,47,213,8,73
2022-05-30T16:00,45,27,172,4,53
2022-05-30T17:00,60,44,267,2,40
2022-05-30T18:00,66,42,380,14,38
2022-05-30T19:00,58,42,255,1,82
2022-05-30T20:00,54,28,221,10,121
2022-05-30T21:00,26,16,103,17,52
2022-05-30T22:00,19,9,104,9,57
2022-05-30T23:00,14,7,40,1,64
2022-05-31T00:00,2,0,2,0,10
2022-05-31T01:00,6,3,9,3,32
2022-05-31T02:00,8,4,16,3,66
2022-05-31T03:00,7,6,12,2,98
2022-05-31T04:00,2,1,0,0,12
2022-05-31T05:00,2,0,3,0,17
2022-05-31T06:00,6,7,21,0,22
2022-05-31T07:00,33,26,137,1,108
2022-05-31T08:00,50,24,190,5,79
2022-05-31T09:00,59,37,287,18,94
2022-05-31T10:00,68,40,355,11,115
2022-05-31T11:00,59,40,240,22,76
2022-05-31T12:00,46,21,195,7,36
2022-05-31T13:00,49,22,237,6,83
2022-05-31T14:00,53,30,205,9,72
2022-05-31T15:00,50,37,235,6,44
2022-05-31T16:00,44,35,196,5,51
2022-05-31T17:00,48,33,241,1,42
2022-05-31T18:00,53,41,217,4,40
2022-05-31T19:00,53,33,159,8,97
2022-05-31T20:00,47,28,232,8,31
2022-05-31T21:00,14,3,74,1,21
2022-05-31T22:00,12,13,26,0,24
2022-05-31T23:00,4,6,17,0,12
2022-06-01T00:00,3,6,22,0,11
2022-06-01T01:00,4,2,1,6,17
2022-06-01T02:00,14,10,20,1,18
2022-06-01T03:00,15,18,8,0,18
2022-06-01T04:00,1,1,8,0,10
2022-06-01T05:00,3,3,3,2,1
2022-06-01T06:00,4,2,11,0,22
2022-06-01T07:00,33,25,118,2,66
2022-06-01T08:00,64,29,238,9,43
2022-06-01T09:00,70,40,362,14,32
2022-06-01T10:00,81,45,430,14,96
2022-06-01T11:00,56,32,243,2,32
2022-06-01T12:00,35,14,192,5,0
2022-06-01T13:00,59,29,204,0,60
2022-06-01T14:00,49,45,223,2,49
2022-06-01T15:00,46,37,225,1,53
2022-06-01T16:00,32,21,214,6,21
2022-06-01T17:00,55,51,294,5,54
2022-06-01T18:00,45,32,231,5,70
2022-06-01T19:00,56,31,232,21,95
2022-06-01T20:00,49,36,259,13,68
2022-06-01T21:00,12,5,64,0,26
2022-06-01T22:00,20,18,60,1,46
2022-06-01T23:00,4,4,7,0,48
2022-06-02T00:00,3,0,8,0,20
2022-06-02T01:00,1,0,0,0,0
2022-06-02T02:00,0,0,0,0,0
2022-06-02T03:00,0,0,0,0,0
2022-06-02T04:00,0,0,0,0,0
2022-06-02T05:00,0,0,0,0,0
2022-06-02T06:00,3,4,21,1,20
2022-06-02T07:00,33,29,154,1,96
2022-06-02T08:00,63,26,272,0,80
2022-06-02T09:00,70,36,379,5,55
2022-06-02T10:00,67,36,310,1,71
2022-06-02T11:00,57,34,229,5,40
2022-06-02T12:00,43,32,137,0,60
2022-06-02T13:00,38,20,140,6,59
2022-06-02T14:00,63,27,293,3,17
2022-06-02T15:00,53,46,181,0,59
2022-06-02T16:00,33,22,204,6,18
2022-06-02T17:00,54,40,264,2,101
2022-06-02T18:00,56,40,373,1,51
2022-06-02T19:00,59,35,215,8,86
2022-06-02T20:00,15,14,68,2,14
2022-06-02T21:00,16,7,59,1,36
2022-06-02T22:00,11,10,24,0,26
2022-06-02T23:00,11,5,57,0,37
2022-06-03T00:00,3,0,1,0,0
2022-06-03T01:00,2,1,3,0,15
2022-06-03T02:00,2,1,5,0,9
2022-06-03T03:00,0,0,0,0,0
2022-06-03T04:00,2,4,8,1,14
2022-06-03T05:00,0,0,0,0,0
2022-06-03T06:00,8,7,21,0,41
2022-06-03T07:00,36,34,96,0,117
2022-06-03T08:00,59,38,277,0,65
2022-06-03T09:00,66,45,339,7,62
2022-06-03T10:00,73,34,302,1,65
2022-06-03T11:00,68,46,234,0,37
2022-06-03T12:00,54,33,178,3,41
2022-06-03T13:00,43,27,226,5,66
2022-06-03T14:00,43,33,223,7,18
2022-06-03T15:00,52,36,300,3,35
2022-06-03T16:00,57,31,292,8,16
2022-06-03T17:00,46,39,349,2,33
2022-06-03T18:00,54,39,254,1,78
2022-06-03T19:00,65,42,310,3,91
2022-06-03T20:00,65,45,311,3,106
2022-06-03T21:00,16,9,53,0,29
2022-06-03T22:00,14,10,69,1,30
2022-06-03T23:00,9,4,46,5,57
2022-06-04T00:00,7,5,2,0,0
2022-06-04T01:00,3,0,1,0,18
2022-06-04T02:00,7,7,15,0,38
2022-06-04T03:00,2,2,1,0,17
2022-06-04T04:00,4,1,6,5,41
2022-06-04T05:00,3,1,5,1,17
2022-06-04T06:00,3,3,24,0,22
2022-06-04T07:00,41,39,134,8,127
2022-06-04T08:00,68,38,266,3,115
2022-06-04T09:00,58,45,233,8,78
2022-06-04T10:00,75,41,346,1,46
2022-06-04T11:00,54,43,224,5,18
2022-06-04T12:00,52,34,236,15,15
2022-06-04T13:00,57,29,260,9,33
2022-06-04T14:00,56,22,263,22,11
2022-06-04T15:00,50,42,222,0,29
2022-06-04T16:00,40,17,154,3,32
2022-06-04T17:00,54,41,255,10,51
2022-06-04T18:00,46,42,235,8,29
2022-06-04T19:00,55,36,245,8,58
2022-06-04T20:00,51,38,323,7,36
2022-06-04T21:00,16,11,72,3,39
2022-06-04T22:00,10,7,64,0,37
2022-06-04T23:00,7,6,20,4,87
2022-06-05T00:00,1,0,4,0,13
2022-06-05T01:00,2,4,10,2,6
2022-06-05T02:00,17,15,26,2,1
2022-06-05T03:00,9,3,22,4,21
2022-06-05T04:00,0,0,0,0,0
2022-06-05T05:00,0,0,0,0,0
2022-06-05T06:00,4,5,25,2,33
2022-06-05T07:00,39,29,221,1,70
2022-06-05T08:00,68,28,303,14,34
2022-06-05T09:00,65,44,306,14,61
2022-06-05T10:00,62,32,340,5,51
2022-06-05T11:00,60,41,266,8,40
2022-06-05T12:00,52,39,220,12,22
2022-06-05T13:00,51,38,235,21,57
2022-06-05T14:00,46,35,218,6,30
2022-06-05T15:00,44,35,257,7,30
2022-06-05T16:00,41,23,234,8,48
2022-06-05T17:00,43,31,248,3,66
2022-06-05T18:00,48,45,369,3,16
2022-06-05T19:00,59,40,252,13,61
2022-06-05T20:00,45,36,213,6,55
2022-06-05T21:00,22,20,105,11,44
2022-06-05T22:00,14,10,83,0,20
2022-06-05T23:00,9,8,30,0,9
2022-06-06T00:00,6,0,3,1,4
2022-06-06T01:00,2,2,4,2,24
2022-06-06T02:00,7,6,16,2,97
2022-06-06T03:00,7,3,17,8,67
2022-06-06T04:00,7,3,11,1,27
2022-06-06T05:00,1,0,2,0,19
2022-06-06T06:00,8,7,36,1,38
2022-06-06T07:00,37,23,218,2,75
2022-06-06T08:00,55,38,342,4,55
2022-06-06T09:00,58,40,370,3,57
2022-06-06T10:00,68,53,382,1,68
2022-06-06T11:00,63,32,220,7,58
2022-06-06T12:00,49,45,225,6,43
2022-06-06T13:00,52,37,261,12,84
2022-06-06T14:00,41,29,201,10,76
2022-06-06T15:00,45,35,285,9,46
2022-06-06T16:00,51,17,185,0,23
2022-06-06T17:00,56,45,266,13,80
2022-06-06T18:00,60,50,264,2,71
2022-06-06T19:00,61,45,278,10,97
2022-06-06T20:00,51,43,252,16,99
2022-06-06T21:00,14,5,78,5,46
2022-06-06T22:00,13,5,51,1,35
2022-06-06T23:00,7,4,27,3,38
2022-06-07T00:00,0,0,0,0,0
2022-06-07T01:00,2,2,10,2,11
2022-06-07T02:00,0,0,0,0,0
2022-06-07T03:00,3,3,2,3,17
2022-06-07T04:00,5,2,4,0,13
2022-06-07T05:00,2,0,0,3,32
2022-06-07T06:00,5,9,24,5,43
2022-06-07T07:00,36,22,127,6,51
2022-06-07T08:00,58,30,180,2,99
2022-06-07T09:00,69,30,303,18,83
2022-06-07T10:00,71,37,289,1,79
2022-06-07T11:00,52,24,194,20,62
2022-06-07T12:00,40,32,144,6,25
2022-06-07T13:00,58,44,187,10,93
2022-06-07T14:00,47,28,223,2,37
2022-06-07T15:00,42,24,230,6,34
2022-06-07T16:00,40,12,212,10,28
2022-06-07T17:00,57,35,224,14,74
2022-06-07T18:00,53,36,261,7,100
2022-06-07T19:00,67,36,287,13,74
2022-06-07T20:00,51,27,252,13,59
2022-06-07T21:00,16,7,44,2,22
2022-06-07T22:00,16,9,48,2,81
2022-06-07T23:00,3,3,20,3,21
2022-06-08T00:00,1,1,9,0,9
2022-06-08T01:00,2,1,6,2,1
2022-06-08T02:00,2,2,11,3,19
2022-06-08T03:00,3,0,1,0,20
2022-06-08T04:00,1,0,1,3,18
2022-06-08T05:00,1,1,5,0,0
2022-06-08T06:00,5,3,20,0,20
2022-06-08T07:00,31,22,122,5,96
2022-06-08T08:00,51,27,156,2,84
2022-06-08T09:00,66,47,350,8,78
2022-06-08T10:00,86,47,344,7,69
2022-06-08T11:00,57,38,267,0,33
2022-06-08T12:00,53,34,268,0,11
2022-06-08T13:00,46,34,210,10,124
2022-06-08T14:00,46,25,183,4,49
2022-06-08T15:00,46,28,191,2,23
2022-06-08T16:00,47,29,218,10,53
2022-06-08T17:00,60,46,267,0,98
2022-06-08T18:00,52,47,239,8,84
2022-06-08T19:00,58,32,269,5,93
2022-06-08T20:00,40,16,191,3,106
2022-06-08T21:00,24,10,38,2,33
2022-06-08T22:00,9,7,56,1,33
2022-06-08T23:00,3,2,29,0,0
2022-06-09T00:00,5,4,11,0,21
2022-06-09T01:00,0,0,0,0,0
2022-06-09T02:00,3,1,1,0,11
2022-06-09T03:00,1,2,4,0,8
2022-06-09T04:00,2,1,2,0,13
2022-06-09T05:00,0,0,0,0,0
2022-06-09T06:00,4,3,9,3,26
2022-06-09T07:00,28,21,120,1,61
2022-06-09T08:00,62,42,141,1,82
2022-06-09T09:00,71,38,336,20,38
2022-06-09T10:00,67,35,225,0,50
2022-06-09T11:00,63,44,240,2,46
2022-06-09T12:00,41,32,140,0,30
2022-06-09T13:00,45,36,210,21,62
2022-06-09T14:00,47,31,190,8,65
2022-06-09T15:00,36,27,186,1,10
2022-06-09T16:00,40,31,200,4,77
2022-06-09T17:00,58,36,233,2,49
2022-06-09T18:00,51,28,297,8,52
2022-06-09T19:00,53,23,151,7,58
2022-06-09T20:00,39,19,130,10,84
2022-06-09T21:00,16,5,102,0,22
2022-06-09T22:00,10,6,44,4,27
2022-06-09T23:00,8,8,29,0,33
2022-06-10T00:00,3,3,24,0,14
2022-06-10T01:00,0,0,5,0,16
2022-06-10T02:00,8,1,6,3,21
2022-06-10T03:00,8,6,12,3,16
2022-06-10T04:00,6,3,15,1,30
2022-06-10T05:00,0,1,0,0,0
2022-06-10T06:00,9,2,17,0,29
2022-06-10T07:00,41,28,145,0,109
2022-06-10T08:00,58,34,218,0,81
2022-06-10T09:00,63,38,262,6,37
2022-06-10T10:00,64,28,285,1,23
2022-06-10T11:00,45,29,200,3,35
2022-06-10T12:00,42,28,234,1,32
2022-06-10T13:00,42,26,173,3,49
2022-06-10T14:00,47,26,202,0,41
2022-06-10T15:00,40,29,204,0,22
2022-06-10T16:00,39,24,256,5,50
2022-06-10T17:00,51,37,243,0,64
2022-06-10T18:00,41,29,193,5,43
2022-06-10T19:00,58,26,222,8,74
2022-06-10T20:00,47,38,222,6,87
2022-06-10T21:00,22,14,85,10,53
2022-06-10T22:00,10,6,44,5,43
2022-06-10T23:00,6,3,14,1,60
2022-06-11T00:00,0,0,0,0,0
2022-06-11T01:00,3,2,9,4,8
2022-06-11T02:00,0,0,0,0,0
2022-06-11T03:00,5,1,21,3,83
2022-06-11T04:00,1,0,5,0,11
2022-06-11T05:00,2,3,13,0,29
2022-06-11T06:00,3,11,12,0,8
2022-06-11T07:00,31,17,120,4,91
2022-06-11T08:00,63,39,303,5,57
2022-06-11T09:00,49,41,248,5,90
2022-06-11T10:00,75,49,457,2,2
2022-06-11T11:00,54,28,288,6,4
2022-06-11T12:00,46,35,234,0,8
2022-06-11T13:00,57,41,341,22,23
2022-06-11T14:00,33,23,218,23,3
2022-06-11T15:00,41,19,262,7,12
2022-06-11T16:00,42,16,217,0,14
2022-06-11T17:00,39,23,289,1,8
2022-06-11T18:00,49,47,345,27,16
2022-06-11T19:00,47,21,236,10,27
2022-06-11T20:00,53,24,279,15,39
2022-06-11T21:00,22,8,140,7,9
2022-06-11T22:00,14,11,89,5,3
2022-06-11T23:00,8,2,63,4,17
2022-06-12T00:00,2,0,0,0,0
2022-06-12T01:00,3,1,15,0,3
2022-06-12T02:00,1,0,14,0,0
2022-06-12T03:00,4,4,23,7,17
2022-06-12T04:00,1,0,0,0,0
2022-06-12T05:00,1,2,0,0,0
2022-06-12T06:00,8,7,28,0,17
2022-06-12T07:00,47,18,323,8,37
2022-06-12T08:00,60,33,292,4,24
2022-06-12T09:00,57,42,288,7,22
2022-06-12T10:00,65,36,368,9,10
2022-06-12T11:00,47,26,284,5,9
2022-06-12T12:00,47,32,259,7,4
2022-06-12T13:00,57,28,218,2,21
2022-06-12T14:00,53,35,291,5,10
2022-06-12T15:00,44,29,209,11,0
2022-06-12T16:00,41,20,261,0,7
2022-06-12T17:00,48,35,278,6,4
2022-06-12T18:00,56,27,339,4,0
2022-06-12T19:00,51,36,271,5,72
2022-06-12T20:00,43,23,143,2,57
2022-06-12T21:00,26,16,143,1,51
2022-06-12T22:00,15,10,61,5,51
2022-06-12T23:00,10,7,39,4,0
2022-06-13T00:00,6,2,17,10,36
2022-06-13T01:00,3,3,15,0,8
2022-06-13T02:00,9,6,13,0,0
2022-06-13T03:00,6,6,15,0,41
2022-06-13T04:00,7,6,10,0,20
2022-06-13T05:00,4,2,4,0,2
2022-06-13T06:00,5,6,19,3,54
2022-06-13T07:00,40,24,185,4,92
2022-06-13T08:00,61,29,259,10,95
2022-06-13T09:00,56,35,227,16,51
2022-06-13T10:00,74,40,350,4,60
2022-06-13T11:00,60,31,218,1,29
2022-06-13T12:00,39,25,171,2,57
2022-06-13T13:00,49,32,218,2,73
2022-06-13T14:00,55,30,220,1,67
2022-06-13T15:00,36,21,188,5,30
2022-06-13T16:00,42,20,200,15,23
2022-06-13T17:00,52,31,358,4,34
2022-06-13T18:00,57,32,280,6,24
2022-06-13T19:00,57,32,224,9,96
2022-06-13T20:00,48,37,203,7,86
2022-06-13T21:00,21,10,94,12,100
2022-06-13T22:00,5,4,28,0,36
2022-06-13T23:00,4,3,17,1,19
2022-06-14T00:00,2,0,5,1,13
2022-06-14T01:00,1,0,7,1,5
2022-06-14T02:00,1,0,5,0,14
2022-06-14T03:00,5,4,10,5,59
2022-06-14T04:00,1,0,2,1,11
2022-06-14T05:00,2,0,3,2,9
2022-06-14T06:00,3,2,13,0,19
2022-06-14T07:00,34,23,172,1,126
2022-06-14T08:00,67,28,242,1,75
2022-06-14T09:00,65,41,288,6,112
2022-06-14T10:00,71,34,383,4,42
2022-06-14T11:00,62,39,279,6,59
2022-06-14T12:00,50,34,152,11,62
2022-06-14T13:00,57,41,306,19,84
2022-06-14T14:00,55,26,216,3,66
2022-06-14T15:00,48,33,267,0,26
2022-06-14T16:00,42,23,175,4,40
2022-06-14T17:00,41,27,199,2,21
2022-06-14T18:00,49,27,216,5,46
2022-06-14T19:00,66,33,262,18,71
2022-06-14T20:00,52,29,224,7,48
2022-06-14T21:00,17,9,61,3,59
2022-06-14T22:00,15,8,53,0,37
2022-06-14T23:00,3,3,23,0,8
2022-06-15T00:00,6,3,11,4,40
2022-06-15T01:00,1,0,2,0,12
2022-06-15T02:00,3,1,16,2,46
2022-06-15T03:00,3,5,9,3,44
2022-06-15T04:00,1,1,1,1,27
2022-06-15T05:00,3,1,3,1,27
2022-06-15T06:00,9,8,20,0,19
2022-06-15T07:00,28,19,145,4,77
2022-06-15T08:00,55,27,196,4,48
2022-06-15T09:00,59,30,285,16,53
2022-06-15T10:00,69,41,355,8,71
2022-06-15T11:00,58,41,220,12,52
2022-06-15T12:00,51,24,162,1,24
2022-06-15T13:00,43,29,180,2,64
2022-06-15T14:00,60,26,217,8,73
2022-06-15T15:00,43,50,214,12,41
2022-06-15T16:00,29,13,141,5,31
2022-06-15T17:00,64,46,292,3,74
2022-06-15T18:00,53,43,250,7,30
2022-06-15T19:00,49,27,181,0,61
2022-06-15T20:00,42,36,218,3,78
2022-06-15T21:00,15,10,113,0,33
2022-06-15T22:00,18,10,68,6,77
2022-06-15T23:00,11,4,41,1,21
2022-06-16T00:00,3,0,20,2,33
2022-06-16T01:00,4,2,9,3,16
2022-06-16T02:00,1,3,2,2,10
2022-06-16T03:00,5,4,21,12,26
2022-06-16T04:00,3,1,7,0,24
2022-06-16T05:00,2,2,2,2,31
2022-06-16T06:00,6,7,9,1,46
2022-06-16T07:00,41,24,133,17,88
2022-06-16T08:00,53,22,209,3,44
2022-06-16T09:00,63,34,347,17,54
2022-06-16T10:00,70,57,400,1,58
2022-06-16T11:00,74,33,305,14,58
2022-06-16T12:00,44,28,247,8,52
2022-06-16T13:00,54,32,234,10,73
2022-06-16T14:00,53,33,313,18,33
2022-06-16T15:00,45,29,229,2,41
2022-06-16T16:00,37,21,184,1,69
2022-06-16T17:00,41,38,243,3,70
2022-06-16T18:00,45,46,225,3,29
2022-06-16T19:00,53,37,190,3,73
2022-06-16T20:00,52,31,250,9,99
2022-06-16T21:00,20,9,86,0,19
2022-06-16T22:00,8,9,52,0,36
2022-06-16T23:00,5,2,29,2,43
2022-06-17T00:00,4,3,39,4,12
2022-06-17T01:00,0,0,0,0,0
2022-06-17T02:00,4,1,10,0,47
2022-06-17T03:00,13,6,36,5,160
2022-06-17T04:00,6,4,8,2,58
2022-06-17T05:00,3,1,6,2,0
2022-06-17T06:00,3,3,9,0,23
2022-06-17T07:00,30,27,134,4,117
2022-06-17T08:00,68,23,213,20,52
2022-06-17T09:00,55,35,251,10,96
2022-06-17T10:00,79,49,361,12,35
2022-06-17T11:00,53,31,213,5,55
2022-06-17T12:00,46,37,227,0,5
2022-06-17T13:00,42,30,196,13,48
2022-06-17T14:00,42,20,145,5,62
2022-06-17T15:00,43,27,141,0,45
2022-06-17T16:00,38,22,146,3,23
2022-06-17T17:00,52,28,234,5,56
2022-06-17T18:00,42,28,167,1,49
2022-06-17T19:00,52,23,201,6,68
2022-06-17T20:00,45,34,195,4,73
2022-06-17T21:00,13,10,58,4,34
2022-06-17T22:00,10,12,82,2,42
2022-06-17T23:00,5,5,29,5,35
2022-06-18T00:00,7,4,4,2,31
2022-06-18T01:00,0,0,0,0,0
2022-06-18T02:00,0,0,0,0,0
2022-06-18T03:00,12,9,16,4,7
2022-06-18T04:00,2,2,2,0,9
2022-06-18T05:00,1,0,0,0,0
2022-06-18T06:00,4,7,15,1,15
2022-06-18T07:00,39,29,150,4,89
2022-06-18T08:00,51,36,185,7,51
2022-06-18T09:00,47,38,222,8,101
2022-06-18T10:00,55,36,317,8,41
2022-06-18T11:00,56,31,189,16,79
2022-06-18T12:00,43,23,245,8,9
2022-06-18T13:00,52,27,322,7,25
2022-06-18T14:00,42,36,226,8,69
2022-06-18T15:00,47,32,248,8,75
2022-06-18T16:00,45,18,247,2,67
2022-06-18T17:00,65,50,294,5,48
2022-06-18T18:00,44,20,164,13,61
2022-06-18T19:00,56,37,292,8,95
2022-06-18T20:00,55,25,230,19,95
2022-06-18T21:00,17,6,71,0,41
2022-06-18T22:00,12,3,38,1,32
2022-06-18T23:00,11,3,41,1,39
2022-06-19T00:00,5,4,2,4,13
2022-06-19T01:00,0,0,0,0,0
2022-06-19T02:00,0,0,0,0,0
2022-06-19T03:00,9,6,15,0,50
2022-06-19T04:00,3,1,7,0,0
2022-06-19T05:00,3,2,1,0,0
2022-06-19T06:00,8,5,31,3,44
2022-06-19T07:00,40,31,152,2,88
2022-06-19T08:00,58,41,266,0,107
2022-06-19T09:00,59,38,244,2,63
2022-06-19T10:00,87,31,361,10,60
2022-06-19T11:00,45,24,195,9,55
2022-06-19T12:00,48,30,255,10,78
2022-06-19T13:00,67,30,331,17,75
2022-06-19T14:00,54,24,276,6,47
2022-06-19T15:00,28,22,86,6,37
2022-06-19T16:00,34,23,149,10,34
2022-06-19T17:00,49,34,213,6,39
2022-06-19T18:00,46,27,138,0,15
2022-06-19T19:00,34,22,112,2,35
2022-06-19T20:00,42,34,145,2,31
2022-06-19T21:00,16,5,69,0,14
2022-06-19T22:00,13,14,41,1,30
2022-06-19T23:00,3,0,1,0,1
2022-06-20T00:00,2,5,0,0,0
2022-06-20T01:00,5,1,9,0,11
2022-06-20T02:00,2,2,6,1,15
2022-06-20T03:00,9,5,11,5,6
2022-06-20T04:00,3,2,4,0,16
2022-06-20T05:00,1,0,0,0,0
2022-06-20T06:00,6,2,15,0,8
2022-06-20T07:00,27,16,124,3,25
2022-06-20T08:00,54,23,122,1,52
2022-06-20T09:00,47,26,135,4,39
2022-06-20T10:00,68,35,196,5,27
2022-06-20T11:00,60,33,159,9,46
2022-06-20T12:00,41,26,130,2,59
2022-06-20T13:00,47,30,118,6,50
2022-06-20T14:00,50,24,174,6,54
2022-06-20T15:00,37,25,128,3,29
2022-06-20T16:00,38,26,128,21,17
2022-06-20T17:00,47,30,208,0,53
2022-06-20T18:00,52,26,153,0,38
2022-06-20T19:00,50,19,152,4,31
2022-06-20T20:00,45,30,187,9,48
2022-06-20T21:00,11,5,53,2,21
2022-06-20T22:00,11,6,39,4,54
2022-06-20T23:00,6,2,25,2,18
2022-06-21T00:00,2,2,3,0,9
2022-06-21T01:00,2,0,7,1,8
2022-06-21T02:00,3,3,0,0,0
2022-06-21T03:00,8,5,13,3,57
2022-06-21T04:00,0,0,0,0,0
2022-06-21T05:00,0,0,0,0,0
2022-06-21T06:00,5,6,17,1,32
2022-06-21T07:00,35,21,140,4,59
2022-06-21T08:00,55,35,197,12,82
2022-06-21T09:00,66,34,210,13,68
2022-07-01T11:00,31,31,107,7,18
2022-07-01T12:00,48,30,137,0,0
2022-07-01T13:00,47,37,120,16,17
2022-07-01T14:00,53,36,152,1,6
2022-07-01T15:00,55,38,217,5,7
2022-07-01T16:00,42,33,258,7,12
2022-07-01T17:00,43,33,214,18,54
2022-07-01T18:00,41,28,155,9,25
2022-07-01T19:00,55,35,199,8,25
2022-07-01T20:00,54,39,146,7,9
2022-07-01T21:00,16,12,55,1,1
2022-07-01T22:00,14,3,30,2,20
2022-07-01T23:00,9,5,39,3,20
2022-07-02T00:00,8,6,22,4,27
2022-07-02T01:00,3,1,2,2,5
2022-07-02T02:00,8,3,11,1,22
2022-07-02T03:00,5,3,8,6,14
2022-07-02T04:00,4,0,16,0,0
2022-07-02T05:00,3,3,11,6,7
2022-07-02T06:00,6,7,11,0,1
2022-07-02T07:00,43,32,101,4,44
2022-07-02T08:00,57,51,162,2,19
2022-07-02T09:00,53,33,161,0,10
2022-07-02T10:00,67,55,227,2,15
2022-07-02T11:00,55,40,139,8,9
2022-07-02T12:00,38,27,106,5,12
2022-07-02T13:00,47,37,139,7,50
2022-07-02T14:00,20,13,77,4,17
2022-07-02T15:00,12,6,59,0,15
2022-07-02T16:00,24,17,126,6,4
2022-07-02T17:00,44,38,85,8,8
2022-07-02T18:00,36,30,105,1,12
2022-07-02T19:00,68,38,137,5,71
2022-07-02T20:00,48,30,121,2,39
2022-07-02T21:00,19,12,55,3,18
2022-07-02T22:00,11,2,43,0,17
2022-07-02T23:00,5,4,15,3,7
2022-07-03T00:00,1,1,0,0,0
2022-07-03T01:00,0,0,0,0,0
2022-07-03T02:00,5,3,14,1,5
2022-07-03T03:00,11,4,15,7,38
2022-07-03T04:00,5,1,6,4,34
2022-07-03T05:00,1,2,6,0,0
2022-07-03T06:00,9,11,7,0,2
2022-07-03T07:00,40,24,140,7,28
2022-07-03T08:00,60,37,149,1,27
2022-07-03T09:00,55,39,195,7,35
2022-07-03T10:00,60,54,269,6,18
2022-07-03T11:00,38,37,137,0,17
2022-07-03T12:00,47,40,208,0,2
2022-07-03T13:00,55,29,189,3,5
2022-07-03T14:00,56,29,145,3,37
2022-07-03T15:00,44,42,126,7,23
2022-07-03T16:00,49,44,187,0,19
2022-07-03T17:00,56,35,191,2,18
2022-07-03T18:00,43,28,156,7,33
2022-07-03T19:00,65,49,206,7,53
2022-07-03T20:00,64,32,173,12,46
2022-07-03T21:00,14,6,55,1,20
2022-07-03T22:00,13,12,43,2,18
2022-07-03T23:00,11,3,40,8,30
2022-07-04T00:00,1,1,2,3,8
2022-07-04T01:00,2,0,2,1,7
2022-07-04T02:00,2,1,8,2,10
2022-07-04T03:00,10,8,14,7,48
2022-07-04T04:00,7,4,16,3,11
2022-07-04T05:00,0,0,0,0,0
2022-07-04T06:00,0,0,0,0,0
2022-07-04T07:00,20,19,75,1,10
2022-07-04T08:00,34,31,154,0,15
2022-07-04T09:00,48,20,134,8,1
2022-07-04T10:00,44,33,139,0,18
2022-07-04T11:00,34,22,52,1,2
2022-07-04T12:00,41,31,126,0,9
2022-07-04T13:00,49,35,146,8,19
2022-07-04T14:00,34,38,165,8,50
2022-07-04T15:00,40,34,104,2,25
2022-07-04T16:00,37,26,157,4,37
2022-07-04T17:00,41,24,164,4,4
2022-07-04T18:00,48,40,152,0,23
2022-07-04T19:00,43,43,129,5,6
2022-07-04T20:00,45,34,115,4,40
2022-07-04T21:00,15,6,37,1,18
2022-07-04T22:00,7,7,20,2,6
2022-07-04T23:00,9,3,12,2,31
2022-07-05T00:00,3,3,7,0,0
2022-07-05T01:00,1,1,4,2,0
2022-07-05T02:00,7,4,23,0,16
2022-07-05T03:00,7,3,10,8,27
2022-07-05T04:00,0,1,0,0,0
2022-07-05T05:00,3,3,6,1,9
2022-07-05T06:00,6,7,13,0,0
2022-07-05T07:00,44,25,121,5,37
2022-07-05T08:00,64,54,168,0,24
2022-07-05T09:00,58,33,192,16,13
2022-07-05T10:00,73,67,217,3,10
2022-07-05T11:00,45,33,132,11,25
2022-07-05T12:00,49,36,121,5,20
2022-07-05T13:00,54,44,187,6,8
2022-07-05T14:00,39,20,130,4,23
2022-07-05T15:00,44,37,99,1,12
2022-07-05T16:00,34,9,101,0,3
2022-07-05T17:00,34,28,80,1,14
2022-07-05T18:00,50,37,73,2,10
2022-07-05T19:00,45,31,131,2,29
2022-07-05T20:00,45,34,94,3,24
2022-07-05T21:00,21,10,44,0,26
2022-07-05T22:00,9,3,20,6,13
2022-07-05T23:00,9,3,41,4,14
2022-07-06T00:00,0,0,0,0,0
2022-07-06T01:00,1,1,4,1,6
2022-07-06T02:00,0,0,0,0,0
2022-07-06T03:00,5,1,17,1,13
2022-07-06T04:00,1,1,5,1,6
2022-07-06T05:00,1,1,1,1,7
2022-07-06T06:00,12,8,9,0,16
2022-07-06T07:00,29,23,109,3,32
2022-07-06T08:00,65,35,131,0,16
2022-07-06T09:00,64,48,214,4,43
2022-07-06T10:00,70,37,197,3,29
2022-07-06T11:00,49,32,112,0,14
2022-07-06T12:00,48,32,207,6,21
2022-07-06T13:00,68,36,298,11,35
2022-07-06T14:00,52,32,286,5,22
2022-07-06T15:00,43,21,200,1,7
2022-07-06T16:00,48,25,154,4,53
2022-07-06T17:00,42,33,182,0,33
2022-07-06T18:00,59,51,179,0,15
2022-07-06T19:00,32,19,82,2,10
2022-07-06T20:00,26,21,54,0,12
2022-07-06T21:00,17,13,79,7,0
2022-07-06T22:00,12,8,25,2,15
2022-07-06T23:00,11,6,51,9,33
2022-07-07T00:00,1,0,0,0,0
2022-07-07T01:00,0,0,0,0,0
2022-07-07T02:00,6,4,13,3,11
2022-07-07T03:00,0,0,0,0,0
2022-07-07T04:00,1,0,0,0,0
2022-07-07T05:00,2,1,3,1,8
2022-07-07T06:00,4,3,6,0,8
2022-07-07T07:00,35,33,123,0,16
2022-07-07T08:00,52,29,149,4,21
2022-07-07T09:00,64,41,220,0,20
2022-07-07T10:00,64,63,168,5,11
2022-07-07T11:00,40,26,95,6,0
2022-07-07T12:00,41,21,107,0,11
2022-07-07T13:00,51,37,123,6,26
2022-07-07T14:00,64,42,224,1,36
2022-07-07T15:00,48,34,128,6,9
2022-07-07T16:00,36,26,152,0,13
2022-07-07T17:00,44,25,170,2,14
2022-07-07T18:00,38,23,117,0,18
2022-07-07T19:00,51,27,173,13,24
2022-07-07T20:00,44,25,151,0,18
2022-07-07T21:00,24,15,73,4,8
2022-07-07T22:00,14,6,63,0,6
2022-07-07T23:00,11,6,47,1,9
2022-07-08T00:00,1,1,3,0,9
2022-07-08T01:00,0,2,0,0,9
2022-07-08T02:00,11,2,25,1,33
2022-07-08T03:00,1,0,0,0,0
2022-07-08T04:00,1,0,11,0,8
2022-07-08T05:00,3,1,10,0,1
2022-07-08T06:00,4,2,11,0,0
2022-07-08T07:00,34,22,100,3,22
2022-07-08T08:00,44,22,128,0,20
2022-07-08T09:00,52,33,175,5,19
2022-07-08T10:00,59,33,128,3,25
2022-07-08T11:00,40,29,85,4,6
2022-07-08T12:00,43,28,135,8,4
2022-07-08T13:00,57,37,143,3,11
2022-07-08T14:00,39,23,126,1,8
2022-07-08T15:00,44,30,114,4,16
2022-07-08T16:00,37,27,99,1,24
2022-07-08T17:00,59,34,158,1,30
2022-07-08T18:00,48,37,124,5,27
2022-07-08T19:00,50,27,170,3,25
2022-07-08T20:00,49,42,180,1,7
2022-07-08T21:00,17,9,51,0,13
2022-07-08T22:00,11,10,44,3,16
2022-07-08T23:00,11,7,49,3,14
2022-07-09T00:00,1,2,3,0,7
2022-07-09T01:00,10,4,14,2,23
2022-07-09T02:00,3,1,7,5,10
2022-07-09T03:00,7,6,10,4,29
2022-07-09T04:00,6,6,3,0,0
2022-07-09T05:00,3,0,0,0,0
2022-07-09T06:00,2,3,5,0,9
2022-07-09T07:00,35,30,107,3,45
2022-07-09T08:00,59,36,160,4,37
2022-07-09T09:00,49,30,170,2,19
2022-07-09T10:00,69,40,222,0,24
2022-07-09T11:00,46,22,160,4,0
2022-07-09T12:00,48,31,211,2,33
2022-07-09T13:00,39,22,127,0,31
2022-07-09T14:00,29,10,167,5,72
2022-07-09T15:00,31,26,181,1,39
2022-07-09T16:00,35,15,214,10,24
2022-07-09T17:00,38,28,173,6,19
2022-07-09T18:00,44,39,226,4,11
2022-07-09T18:00,44,39,226,4,11
2022-07-09T19:00,30,28,206,0,20
2022-07-09T20:00,53,56,195,5,25
2022-07-09T21:00,26,13,54,6,17
2022-07-09T22:00,12,5,39,8,36
2022-07-09T23:00,4,2,23,0,4
2022-07-10T00:00,2,1,5,2,7
2022-07-10T01:00,3,2,11,2,4
2022-07-10T02:00,3,1,4,0,1
2022-07-10T03:00,3,2,4,2,31
2022-07-10T04:00,0,0,0,0,0
2022-07-10T05:00,0,0,0,0,0
2022-07-10T06:00,12,13,19,1,28
2022-07-10T07:00,34,24,150,1,23
2022-07-10T08:00,55,38,228,0,22
2022-07-10T09:00,67,37,263,12,34
2022-07-10T10:00,82,58,249,6,36
2022-07-10T11:00,60,57,169,7,29
2022-07-10T12:00,51,25,173,0,4
2022-07-10T13:00,57,39,207,15,32
2022-07-10T14:00,49,31,175,0,16
2022-07-10T15:00,53,50,176,1,13
2022-07-10T16:00,38,26,140,7,7
2022-07-10T17:00,52,44,164,2,43
2022-07-10T18:00,52,37,267,0,32
2022-07-10T19:00,50,21,165,4,56
2022-07-10T20:00,46,27,150,4,77
2022-07-10T21:00,15,11,79,0,13
2022-07-10T22:00,10,7,36,0,33
2022-07-10T23:00,5,0,40,0,0
2022-07-11T00:00,0,0,0,0,0
2022-07-11T01:00,2,2,4,0,0
2022-07-11T02:00,12,5,29,9,34
2022-07-11T03:00,2,1,12,0,3
2022-07-11T04:00,1,1,2,1,10
2022-07-11T05:00,0,0,0,0,0
2022-07-11T06:00,6,2,26,1,2
2022-07-11T07:00,22,21,85,9,58
2022-07-11T08:00,50,19,140,0,11
2022-07-11T09:00,46,33,143,13,17
2022-07-11T10:00,57,35,187,1,35
2022-07-11T11:00,33,16,67,2,17
2022-07-11T12:00,43,30,140,4,4
2022-07-11T13:00,44,29,178,10,20
2022-07-11T14:00,41,21,104,0,4
2022-07-11T15:00,38,19,96,4,14
2022-07-11T16:00,41,19,83,1,25
2022-07-11T17:00,38,21,156,0,11
2022-07-11T18:00,37,28,123,4,19
2022-07-11T19:00,40,26,136,2,43
2022-07-11T20:00,32,22,102,3,46
2022-07-11T21:00,17,12,55,0,40
2022-07-11T22:00,11,3,20,1,15
2022-07-11T23:00,4,1,27,3,0
2022-07-12T00:00,5,0,6,2,17
2022-07-12T01:00,0,0,0,0,0
2022-07-12T02:00,7,2,6,8,31
2022-07-12T03:00,7,2,12,2,40
2022-07-12T04:00,1,1,1,4,9
2022-07-12T05:00,0,0,0,0,0
2022-07-12T06:00,3,4,17,0,11
2022-07-12T07:00,29,20,96,0,49
2022-07-12T08:00,47,25,173,1,12
2022-07-12T09:00,44,32,196,8,33
2022-07-12T10:00,64,38,215,1,66
2022-07-12T11:00,36,15,100,1,15
2022-07-12T12:00,45,34,94,1,28
2022-07-12T13:00,54,39,178,5,48
2022-07-12T14:00,41,28,161,4,27
2022-07-12T15:00,38,23,130,11,10
2022-07-12T16:00,34,30,121,0,13
2022-07-12T17:00,30,14,79,1,32
2022-07-12T18:00,28,12,89,3,2
2022-07-12T19:00,30,18,155,3,23
2022-07-12T20:00,44,34,121,5,24
2022-07-12T21:00,14,11,60,0,13
2022-07-12T22:00,7,7,8,0,0
2022-07-12T23:00,2,0,15,3,2
2022-07-13T00:00,2,1,2,0,6
2022-07-13T01:00,2,1,15,0,15
2022-07-13T02:00,9,6,17,0,19
2022-07-13T03:00,0,0,0,0,0
2022-07-13T04:00,0,0,0,0,0
2022-07-13T05:00,2,1,1,0,4
2022-07-13T06:00,10,4,23,4,10
2022-07-13T07:00,21,17,90,3,45
2022-07-13T08:00,33,16,110,0,23
2022-07-13T09:00,53,29,205,7,34
2022-07-13T10:00,64,27,204,5,14
2022-07-13T11:00,37,24,119,3,30
2022-07-13T12:00,45,16,164,10,23
2022-07-13T13:00,37,22,149,0,21
2022-07-13T14:00,36,26,154,6,18
2022-07-13T15:00,34,34,103,2,5
2022-07-13T16:00,32,19,145,2,0
2022-07-13T17:00,42,27,172,6,18
2022-07-13T18:00,40,29,104,8,22
2022-07-13T19:00,47,26,137,2,43
2022-07-13T20:00,41,23,111,4,33
2022-07-13T21:00,13,6,38,0,15
2022-07-13T22:00,15,9,76,6,26
2022-07-13T23:00,9,2,56,4,10
2022-07-14T00:00,1,2,2,0,0
2022-07-14T01:00,0,0,0,0,0
2022-07-14T02:00,4,2,6,1,21
2022-07-14T03:00,6,2,7,6,18
2022-07-14T04:00,2,2,6,0,15
2022-07-14T05:00,5,2,12,1,26
2022-07-14T06:00,5,3,9,0,12
2022-07-14T07:00,32,22,111,5,32
2022-07-14T08:00,43,20,189,0,8
2022-07-14T09:00,49,25,147,0,23
2022-07-14T10:00,53,28,170,0,38
2022-07-14T11:00,39,16,115,3,13
2022-07-14T12:00,30,18,148,3,29
2022-07-14T13:00,44,24,157,5,39
2022-07-14T14:00,45,21,155,1,22
2022-07-14T15:00,48,34,141,4,11
2022-07-14T16:00,35,18,129,8,28
2022-07-14T17:00,47,28,171,5,33
2022-07-14T18:00,38,26,102,8,6
2022-07-14T19:00,50,30,144,5,32
2022-07-14T20:00,42,36,162,1,21
2022-07-14T21:00,23,13,92,3,13
2022-07-14T22:00,9,10,25,1,13
2022-07-14T23:00,8,5,43,9,15
2022-07-15T00:00,4,1,8,0,7
2022-07-15T01:00,3,3,4,4,21
2022-07-15T02:00,4,4,10,0,15
2022-07-15T03:00,12,4,23,5,33
2022-07-15T04:00,2,0,0,0,10
2022-07-15T05:00,1,0,2,0,6
2022-07-15T06:00,7,3,14,1,17
2022-07-15T07:00,31,16,66,3,16
2022-07-15T08:00,67,31,228,6,36
2022-07-15T09:00,53,38,256,5,10
2022-07-15T10:00,80,46,188,0,19
2022-07-15T11:00,47,23,163,8,19
2022-07-15T12:00,70,48,225,0,9
2022-07-15T13:00,51,34,222,5,49
2022-07-15T14:00,59,30,239,3,53
2022-07-15T15:00,46,30,160,10,21
2022-07-15T16:00,34,20,104,5,7
2022-07-15T17:00,46,44,211,6,47
2022-07-15T18:00,36,27,157,2,9
2022-07-15T19:00,39,29,188,2,33
2022-07-15T20:00,44,44,160,12,35
2022-07-15T21:00,30,22,89,0,9
2022-07-15T22:00,21,19,46,2,49
2022-07-15T23:00,12,5,42,6,7
2022-07-16T00:00,6,2,16,0,4
2022-07-16T01:00,5,2,3,1,4
2022-07-16T02:00,3,1,0,0,0
2022-07-16T03:00,0,0,0,0,0
2022-07-16T04:00,0,0,0,0,0
2022-07-16T05:00,2,1,2,1,6
2022-07-16T06:00,2,2,4,0,2
2022-07-16T07:00,25,26,95,2,40
2022-07-16T08:00,44,21,147,4,36
2022-07-16T09:00,46,17,171,7,20
2022-07-16T10:00,62,39,221,5,25
2022-07-16T11:00,72,47,282,4,24
2022-07-16T12:00,48,36,247,0,28
2022-07-16T13:00,52,33,203,6,28
2022-07-16T14:00,48,33,237,4,27
2022-07-16T15:00,42,39,173,0,13
2022-07-16T16:00,56,43,157,4,17
2022-07-16T17:00,46,34,245,3,27
2022-07-16T18:00,59,36,215,4,11
2022-07-16T19:00,51,35,284,10,36
2022-07-16T20:00,48,40,151,3,22
2022-07-16T21:00,37,23,110,6,26
2022-07-16T22:00,9,3,29,3,11
2022-07-16T23:00,9,2,36,1,9
2022-07-17T00:00,7,9,13,3,12
2022-07-17T01:00,11,4,25,9,17
2022-07-17T02:00,6,1,20,3,25
2022-07-17T03:00,6,4,20,1,32
2022-07-17T04:00,1,0,3,0,8
2022-07-17T05:00,0,0,0,0,0
2022-07-17T06:00,1,1,11,0,2
2022-07-17T07:00,17,11,54,7,26
2022-07-17T08:00,20,11,100,2,13
2022-07-17T09:00,26,19,123,7,37
2022-07-17T10:00,49,32,166,9,24
2022-07-17T11:00,35,24,127,8,26
2022-07-17T12:00,38,39,168,1,19
2022-07-17T13:00,36,21,146,2,10
2022-07-17T14:00,32,18,93,4,9
2022-07-17T15:00,31,27,138,0,27
2022-07-17T16:00,46,37,181,6,10
2022-07-17T17:00,49,35,181,7,32
2022-07-17T18:00,53,52,133,9,17
2022-07-17T19:00,53,37,137,3,27
2022-07-17T20:00,43,30,125,6,26
2022-07-17T21:00,19,14,105,3,17
2022-07-17T22:00,15,9,37,6,30
2022-07-17T23:00,4,3,38,2,15
2022-07-18T00:00,0,0,0,0,0
2022-07-18T01:00,0,0,0,0,0
2022-07-18T02:00,2,2,9,0,11
2022-07-18T03:00,13,10,31,5,65
2022-07-18T04:00,4,2,12,2,26
2022-07-18T05:00,3,1,16,0,0
2022-07-18T06:00,7,7,16,2,7
2022-07-18T07:00,36,35,172,7,39
2022-07-18T08:00,79,53,214,0,11
2022-07-18T09:00,54,32,152,0,22
2022-07-18T10:00,65,42,232,1,19
2022-07-18T11:00,32,26,97,2,13
2022-07-18T12:00,46,39,126,3,35
2022-07-18T13:00,59,40,176,7,47
2022-07-18T14:00,49,21,96,6,20
2022-07-18T15:00,34,27,72,8,31
2022-07-18T16:00,38,18,182,8,0
2022-07-18T17:00,48,34,165,9,40
2022-07-18T18:00,57,41,143,8,1
2022-07-18T19:00,52,35,179,3,20
2022-07-18T20:00,59,57,208,4,25
2022-07-18T21:00,18,10,58,0,32
2022-07-18T22:00,11,12,52,2,2
2022-07-18T23:00,8,5,35,2,23
2022-07-19T00:00,2,3,7,3,4
2022-07-19T01:00,1,1,4,1,0
2022-07-19T02:00,4,2,25,0,5
2022-07-19T03:00,12,9,31,10,24
2022-07-19T04:00,9,4,31,4,35
2022-07-19T05:00,2,3,2,0,6
2022-07-19T06:00,7,4,14,2,8
2022-07-19T07:00,33,19,89,3,59
2022-07-19T08:00,56,32,129,8,28
2022-07-19T09:00,60,30,254,17,46
2022-07-19T10:00,70,34,219,12,45
2022-07-19T11:00,45,29,127,8,0
2022-07-19T12:00,62,39,177,7,27
2022-07-19T13:00,44,24,162,2,10
2022-07-19T14:00,49,43,253,10,12
2022-07-19T15:00,57,34,216,15,23
2022-07-19T16:00,48,32,138,0,11
2022-07-19T17:00,35,16,155,3,5
2022-07-19T18:00,65,47,233,9,22
2022-07-19T19:00,49,22,182,1,44
2022-07-19T20:00,41,17,108,0,4
2022-07-19T21:00,21,10,71,4,8
2022-07-19T22:00,12,6,31,3,32
2022-07-19T23:00,6,6,14,0,0
2022-07-20T00:00,6,5,12,0,29
2022-07-20T01:00,5,2,4,3,16
2022-07-20T02:00,5,3,8,9,32
2022-07-20T03:00,11,3,23,7,45
2022-07-20T04:00,4,6,12,1,19
2022-07-20T05:00,5,3,9,1,1
2022-07-20T06:00,15,10,20,4,14
2022-07-20T07:00,29,23,132,0,40
2022-07-20T08:00,53,39,116,0,26
2022-07-20T09:00,60,52,223,5,11
2022-07-20T10:00,65,25,240,3,13
2022-07-20T11:00,41,23,113,3,17
2022-07-20T12:00,49,39,174,8,25
2022-07-20T13:00,53,32,158,0,21
2022-07-20T14:00,53,19,158,8,42
2022-07-20T15:00,42,36,144,5,22
2022-07-20T16:00,47,33,139,6,11
2022-07-20T17:00,40,27,150,0,18
2022-07-20T18:00,47,35,158,2,26
2022-07-20T19:00,65,45,155,7,33
2022-07-20T20:00,41,38,133,1,38
2022-07-20T21:00,15,13,98,5,29
2022-07-20T22:00,12,6,41,3,17
2022-07-20T23:00,5,1,32,1,15
2022-07-21T00:00,4,6,3,1,10
2022-07-21T01:00,13,9,32,7,31
2022-07-21T02:00,3,3,4,3,10
2022-07-21T03:00,12,9,47,6,80
2022-07-21T04:00,1,2,0,1,20
2022-07-21T05:00,4,2,9,0,17
2022-07-21T06:00,5,8,8,3,6
2022-07-21T07:00,33,22,147,6,24
2022-07-21T08:00,55,28,132,0,30
2022-07-21T09:00,65,40,169,5,16
2022-07-21T10:00,59,48,164,2,22
2022-07-21T11:00,39,16,81,3,15
2022-07-21T12:00,44,28,166,2,21
2022-07-21T13:00,48,29,123,0,11
2022-07-21T14:00,55,51,165,5,31
2022-07-21T15:00,54,46,225,0,18
2022-07-21T16:00,43,27,150,0,2
2022-07-21T17:00,51,35,225,8,10
2022-07-21T18:00,55,29,190,0,21
2022-07-21T19:00,68,34,143,2,25
2022-07-21T20:00,39,36,148,3,18
2022-07-21T21:00,0,0,0,0,0
2022-08-07T00:00,0,0,0,0,0
2022-08-07T01:00,0,0,0,0,0
2022-08-07T02:00,0,0,0,0,0
2022-08-07T03:00,0,0,0,0,0
2022-08-07T04:00,0,0,0,0,0
2022-08-07T05:00,0,0,0,0,0
2022-08-07T06:00,0,0,0,0,0
2022-08-07T07:00,0,0,0,0,0
2022-08-07T08:00,0,0,0,0,0
2022-08-07T09:00,0,0,0,0,0
2022-08-07T10:00,0,0,0,0,0
2022-08-07T11:00,0,0,0,0,0
2022-08-07T12:00,0,0,0,0,0
2022-08-07T13:00,0,0,0,0,0
2022-08-07T14:00,0,0,0,0,0
2022-08-07T15:00,0,0,0,0,0
2022-08-07T16:00,0,0,0,0,0
2022-08-07T17:00,0,0,0,0,0
2022-08-07T18:00,0,0,0,0,0
2022-08-07T19:00,0,0,0,0,0
2022-08-07T20:00,0,0,0,0,0
2022-08-07T21:00,0,0,0,0,0
2022-08-07T22:00,0,0,0,0,0
2022-08-07T23:00,0,0,0,0,0
2022-08-08T00:00,0,0,0,0,0
2022-08-08T01:00,0,0,0,0,0
2022-08-08T02:00,0,0,0,0,0
2022-08-08T03:00,0,0,0,0,0
2022-08-08T04:00,0,0,0,0,0
2022-08-08T05:00,0,0,0,0,0
2022-08-08T06:00,0,0,0,0,0
2022-08-08T07:00,0,0,0,0,0
2022-08-08T08:00,0,0,0,0,0
2022-08-08T09:00,0,0,0,0,0
2022-08-08T10:00,0,0,0,0,0
2022-08-08T11:00,0,0,0,0,0
2022-08-08T12:00,0,0,0,0,0
2022-08-08T13:00,0,0,0,0,0
2022-08-08T14:00,0,0,0,0,0
2022-08-08T15:00,0,0,0,0,0
2022-08-08T16:00,0,0,0,0,0
2022-08-08T17:00,0,0,0,0,0
2022-08-08T18:00,0,0,0,0,0
2022-08-08T19:00,0,0,0,0,0
2022-08-08T20:00,0,0,0,0,0
2022-08-08T21:00,0,0,0,0,0
2022-08-08T22:00,0,0,0,0,0
2022-08-08T23:00,0,0,0,0,0
2022-08-09T00:00,0,0,0,0,0
2022-08-09T01:00,0,0,0,0,0
2022-08-09T02:00,0,0,0,0,0
2022-08-09T03:00,0,0,0,0,0
2022-08-09T04:00,0,0,0,0,0
2022-08-09T05:00,0,0,0,0,0
2022-08-09T06:00,0,0,0,0,0
2022-08-09T07:00,0,0,0,0,0
2022-08-09T08:00,0,0,0,0,0
2022-08-09T09:00,0,0,0,0,0
2022-08-09T10:00,0,0,0,0,0
2022-08-09T11:00,0,0,0,0,0
2022-08-09T12:00,0,0,0,0,0
2022-08-09T13:00,0,0,0,0,0
2022-08-09T14:00,0,0,0,0,0
2022-08-09T15:00,0,0,0,0,0
2022-08-09T16:00,0,0,0,0,0
2022-08-09T17:00,0,0,0,0,0
2022-08-09T18:00,0,0,0,0,0
2022-08-09T19:00,0,0,0,0,0
2022-08-09T20:00,0,0,0,0,0
2022-08-09T21:00,0,0,0,0,0
2022-08-09T22:00,0,0,0,0,0
2022-08-09T23:00,0,0,0,0,0
2022-08-10T00:00,0,0,0,0,0
2022-08-10T01:00,0,0,0,0,0
2022-08-10T02:00,0,0,0,0,0
2022-08-10T03:00,0,0,0,0,0
2022-08-10T04:00,0,0,0,0,0
2022-08-10T05:00,0,0,0,0,0
2022-08-10T06:00,0,0,0,0,0
2022-08-10T07:00,0,0,0,0,0
2022-08-10T08:00,0,0,0,0,0
2022-08-10T09:00,0,0,0,0,0
2022-08-10T10:00,0,0,0,0,0
2022-08-10T11:00,0,0,0,0,0
2022-08-10T12:00,0,0,0,0,0
2022-08-10T13:00,0,0,0,0,0
2022-08-10T14:00,0,0,0,0,0
2022-08-10T15:00,0,0,0,0,0
2022-08-10T16:00,0,0,0,0,0
2022-08-10T17:00,0,0,0,0,0
2022-08-10T18:00,0,0,0,0,0
2022-08-10T19:00,0,0,0,0,0
2022-08-10T20:00,0,0,0,0,0
2022-08-10T21:00,0,0,0,0,0
2022-08-10T22:00,0,0,0,0,0
2022-08-10T23:00,0,0,0,0,0
2022-08-11T00:00,0,0,0,0,0
2022-08-11T01:00,0,0,0,0,0
2022-08-11T02:00,0,0,0,0,0
2022-08-11T03:00,0,0,0,0,0
2022-08-11T04:00,0,0,0,0,0
2022-08-11T05:00,0,0,0,0,0
2022-08-11T06:00,0,0,0,0,0
2022-08-11T07:00,0,0,0,0,0
2022-08-11T08:00,0,0,0,0,0
2022-08-11T09:00,0,0,0,0,0
2022-08-11T10:00,0,0,0,0,0
2022-08-11T11:00,0,0,0,0,0
2022-08-11T12:00,0,0,0,0,0
2022-08-11T13:00,0,0,0,0,0
2022-08-11T14:00,0,0,0,0,0
2022-08-11T15:00,0,0,0,0,0
2022-08-11T16:00,0,0,0,0,0
2022-08-11T17:00,0,0,0,0,0
2022-08-11T18:00,0,0,0,0,0
2022-08-11T19:00,0,0,0,0,0
2022-08-11T20:00,0,0,0,0,0
2022-08-11T21:00,0,0,0,0,0
2022-08-11T22:00,0,0,0,0,0
2022-08-11T23:00,0,0,0,0,0
2022-08-12T00:00,0,0,0,0,0
2022-08-12T01:00,0,0,0,0,0
2022-08-12T02:00,0,0,0,0,0
2022-08-12T03:00,0,0,0,0,0
2022-08-12T04:00,0,0,0,0,0
2022-08-12T05:00,0,0,0,0,0
2022-08-12T06:00,0,0,0,0,0
2022-08-12T07:00,0,0,0,0,0
2022-08-12T08:00,0,0,0,0,0
2022-08-12T09:00,0,0,0,0,0
2022-08-12T10:00,0,0,0,0,0
2022-08-12T11:00,0,0,0,0,0
2022-08-12T12:00,0,0,0,0,0
2022-08-12T13:00,0,0,0,0,0
2022-08-12T14:00,0,0,0,0,0
2022-08-12T15:00,0,0,0,0,0
2022-08-12T16:00,0,0,0,0,0
2022-08-12T17:00,0,0,0,0,0
2022-08-12T18:00,0,0,0,0,0
2022-08-12T19:00,0,0,0,0,0
2022-08-12T20:00,0,0,0,0,0
2022-08-12T21:00,0,0,0,0,0
2022-08-12T22:00,22,15,54,6,40
2022-08-12T23:00,14,6,39,7,18
2022-08-13T00:00,4,5,13,5,30
2022-08-13T01:00,5,7,9,0,42
2022-08-13T02:00,11,4,26,5,33
2022-08-13T03:00,8,3,22,4,28
2022-08-13T04:00,4,2,11,3,18
2022-08-13T05:00,3,1,0,1,10
2022-08-13T06:00,9,3,55,0,8
2022-08-13T07:00,46,24,337,11,65
2022-08-13T08:00,67,29,458,3,59
2022-08-13T09:00,45,21,312,4,23
2022-08-13T10:00,56,32,399,5,20
2022-08-13T11:00,40,19,268,3,18
2022-08-13T12:00,32,26,175,1,12
2022-08-13T13:00,52,35,317,5,23
2022-08-13T14:00,44,17,240,4,53
2022-08-13T15:00,48,35,203,3,15
2022-08-13T16:00,76,34,279,10,76
2022-08-13T17:00,39,24,242,5,45
2022-08-13T18:00,38,23,158,5,82
2022-08-13T19:00,27,20,164,13,55
2022-08-13T20:00,27,18,94,4,51
2022-08-13T21:00,20,11,46,1,31
2022-08-13T22:00,0,0,0,0,2
2022-08-13T23:00,10,4,32,1,55
2022-08-14T00:00,8,1,0,1,23
2022-08-14T01:00,7,3,20,2,69
2022-08-14T02:00,3,3,4,3,12
2022-08-14T03:00,13,10,32,5,77
2022-08-14T04:00,4,2,4,0,12
2022-08-14T05:00,4,1,10,0,14
2022-08-14T06:00,7,3,10,2,32
2022-08-14T07:00,28,17,180,2,111
2022-08-14T08:00,62,40,316,1,70
2022-08-14T09:00,59,49,270,6,61
2022-08-14T10:00,69,59,301,15,131
2022-08-14T11:00,77,52,328,13,115
2022-08-14T12:00,30,22,167,5,29
2022-08-14T14:00,31,14,184,0,15
2022-08-14T15:00,55,33,201,3,50
2022-08-14T16:00,46,36,165,3,13
2022-08-14T17:00,57,57,220,6,30
2022-08-14T18:00,57,33,274,0,71
2022-08-14T19:00,58,43,249,7,65
2022-08-14T20:00,51,34,257,14,37
2022-08-14T21:00,25,17,103,4,69
2022-08-14T22:00,12,6,55,0,18
2022-08-14T23:00,10,1,44,5,26
2022-08-15T00:00,3,2,5,0,22
2022-08-15T01:00,4,0,11,1,15
2022-08-15T02:00,2,3,14,1,31
2022-08-15T03:00,7,4,20,0,21
2022-08-15T04:00,2,1,5,1,7
2022-08-15T05:00,2,2,3,1,6
2022-08-15T09:00,2,2,3,1,6
2022-08-15T09:00,2,2,3,1,6
2022-08-15T09:00,2,2,3,1,6
2022-08-15T09:00,2,2,3,1,6
2022-08-15T10:00,41,15,122,0,44
2022-08-15T11:00,44,28,169,2,58
2022-08-15T12:00,52,27,224,4,76
2022-08-15T13:00,31,15,126,7,57
2022-08-15T14:00,38,23,218,1,45
2022-08-15T15:00,46,37,261,5,48
2022-08-15T16:00,47,26,219,0,50
2022-08-15T17:00,48,34,333,1,39
2022-08-15T18:00,56,36,247,0,41
2022-08-15T19:00,55,27,224,7,82
2022-08-15T20:00,41,25,130,5,98
2022-08-15T21:00,19,11,101,9,58
2022-08-15T22:00,13,4,50,3,60
2022-08-15T23:00,6,4,25,1,17
2022-08-16T00:00,1,1,1,0,11
2022-08-16T01:00,2,2,9,0,11
2022-08-16T02:00,4,4,7,0,29
2022-08-16T03:00,7,5,8,3,18
2022-08-16T04:00,5,3,9,0,32
2022-08-16T05:00,3,4,13,7,21
2022-08-16T06:00,3,2,19,0,5
2022-08-16T12:00,47,27,250,5,59
2022-08-16T13:00,59,35,245,0,60
2022-08-16T14:00,60,30,305,20,37
2022-08-16T15:00,50,31,189,9,32
2022-08-16T16:00,55,30,213,6,55
2022-08-16T17:00,49,21,230,3,69
2022-08-16T18:00,49,27,260,8,62
2022-08-16T19:00,38,21,214,4,14
2022-08-16T20:00,32,17,134,0,12
2022-08-16T21:00,13,9,67,0,19
2022-08-16T22:00,19,10,70,3,59
2022-08-16T23:00,9,1,30,3,29
2022-08-17T00:00,1,0,0,1,10
2022-08-17T01:00,2,0,1,0,12
2022-08-17T02:00,2,2,5,0,29
2022-08-17T03:00,3,1,5,2,37
2022-08-17T04:00,1,0,0,0,0
2022-08-17T05:00,0,0,0,0,0
2022-08-17T06:00,7,9,27,2,18
2022-08-17T07:00,36,32,226,9,75
2022-08-17T08:00,52,35,243,4,55
2022-08-17T11:00,41,26,232,29,36
2022-08-17T12:00,53,23,318,6,59
2022-08-17T13:00,39,28,255,2,52
2022-08-17T14:00,53,31,275,12,77
2022-08-17T15:00,38,36,244,6,30
2022-08-17T16:00,37,19,169,5,55
2022-08-17T17:00,47,28,251,14,48
2022-08-17T18:00,22,15,93,0,27
2022-08-17T19:00,49,33,252,15,69
2022-08-17T20:00,31,11,215,1,65
2022-08-17T21:00,25,13,121,11,67
2022-08-17T22:00,17,4,78,6,70
2022-08-17T23:00,5,4,20,0,18
2022-08-18T00:00,2,0,10,2,25
2022-08-18T01:00,4,2,9,2,18
2022-08-18T02:00,6,4,12,1,29
2022-08-18T03:00,5,3,12,3,0
2022-08-18T04:00,3,2,8,0,32
2022-08-18T05:00,3,1,4,0,0
2022-08-18T06:00,3,6,8,0,17
2022-08-18T07:00,23,19,198,3,75
2022-08-18T08:00,35,23,206,9,9
2022-08-18T11:00,28,24,168,0,14
2022-08-18T12:00,44,30,237,5,36
2022-08-18T13:00,67,40,299,1,76
2022-08-18T14:00,65,45,334,5,24
2022-08-18T15:00,48,27,200,4,52
2022-08-18T16:00,61,33,279,8,51
2022-08-18T17:00,51,26,214,2,43
2022-08-18T18:00,9,7,13,0,0
2022-08-18T19:00,3,0,0,0,0
2022-08-18T20:00,3,0,0,0,0
2022-08-18T21:00,13,12,71,3,29
2022-08-18T22:00,13,10,38,6,49
2022-08-18T23:00,11,5,80,6,28
2022-08-19T00:00,13,8,10,4,67
2022-08-19T01:00,0,0,0,0,0
2022-08-19T02:00,4,1,7,5,58
2022-08-19T03:00,8,6,22,0,11
2022-08-19T04:00,2,2,4,6,20
2022-08-19T05:00,2,0,1,0,0
2022-08-19T07:00,2,0,1,0,0
2022-08-19T07:00,2,0,1,0,0
2022-08-19T08:00,20,15,48,0,0
2022-08-19T09:00,65,49,326,7,50
2022-08-19T10:00,62,38,279,8,54
2022-08-19T11:00,53,33,230,0,16
2022-08-19T12:00,39,17,207,0,46
2022-08-19T13:00,61,29,305,3,77
2022-08-19T14:00,53,19,315,4,32
2022-08-19T15:00,48,29,176,5,46
2022-08-19T16:00,45,29,179,7,27
2022-08-19T17:00,49,31,235,5,37
2022-08-19T18:00,55,38,248,3,46
2022-08-19T19:00,63,42,303,17,97
2022-08-19T20:00,39,18,139,3,25
2022-08-19T21:00,18,11,90,3,36
2022-08-19T22:00,14,10,39,3,40
2022-08-19T23:00,13,1,19,5,91
2022-08-20T00:00,6,2,26,1,53
2022-08-20T01:00,4,1,5,3,17
2022-08-20T02:00,6,5,20,1,76
2022-08-20T03:00,6,2,6,2,52
2022-08-20T04:00,3,2,13,0,1
2022-08-20T05:00,3,0,2,0,26
2022-08-20T06:00,5,6,9,2,23
2022-08-20T07:00,33,21,142,3,98
2022-08-20T08:00,61,45,256,0,55
2022-08-20T09:00,69,35,299,4,40
2022-08-20T10:00,76,39,400,7,29
2022-08-20T11:00,53,36,273,13,73
2022-08-20T12:00,61,32,289,3,96
2022-08-20T13:00,61,33,260,4,52
2022-08-20T14:00,57,29,300,4,58
2022-08-20T15:00,50,39,281,13,28
2022-08-20T16:00,56,28,333,5,51
2022-08-20T17:00,52,31,231,8,63
2022-08-20T18:00,47,29,185,7,46
2022-08-20T19:00,40,32,209,12,59
2022-08-20T20:00,34,20,150,2,57
2022-08-20T21:00,18,10,64,7,17
2022-08-20T22:00,6,2,32,1,17
2022-08-20T23:00,9,5,23,7,11
2022-08-21T00:00,1,0,2,0,8
2022-08-21T01:00,3,5,2,0,9
2022-08-21T02:00,8,3,17,2,60
2022-08-21T03:00,1,0,0,0,11
2022-08-21T04:00,3,1,9,0,23
2022-08-21T05:00,2,0,2,2,10
2022-08-21T06:00,8,6,25,7,57
2022-08-21T07:00,34,24,158,6,26
2022-08-21T08:00,61,47,258,8,58
2022-08-21T09:00,61,31,222,1,54
2022-08-21T10:00,64,36,314,1,34
2022-08-21T11:00,48,33,261,1,33
2022-08-21T12:00,59,31,303,17,50
2022-08-21T13:00,55,30,235,5,78
2022-08-21T14:00,48,27,338,2,49
2022-08-21T15:00,50,34,243,12,19
2022-08-21T16:00,36,23,195,7,20
2022-08-21T17:00,43,31,260,4,48
2022-08-21T18:00,46,38,279,0,58
2022-08-21T19:00,54,23,300,4,76
2022-08-21T20:00,41,21,137,17,36
2022-08-21T21:00,19,17,92,8,41
2022-08-21T22:00,5,3,18,0,29
2022-08-21T23:00,12,11,46,0,30
2022-08-22T00:00,3,0,9,6,50
2022-08-22T01:00,3,1,3,2,3
2022-08-22T02:00,1,1,6,0,5
2022-08-22T03:00,2,1,4,0,29
2022-08-22T04:00,4,3,8,4,29
2022-08-22T05:00,1,0,7,4,0
2022-08-22T06:00,4,2,5,0,2
2022-08-22T07:00,31,28,132,3,85
2022-08-22T08:00,53,36,218,4,47
2022-08-22T09:00,60,34,294,5,57
2022-08-22T10:00,70,54,296,16,64
2022-08-22T11:00,50,30,225,5,12
2022-08-22T12:00,42,27,161,0,40
2022-08-22T13:00,46,23,198,1,58
2022-08-22T14:00,48,31,260,5,16
2022-08-22T15:00,53,38,185,4,36
2022-08-22T16:00,40,19,145,1,23
2022-08-22T17:00,42,40,161,5,51
2022-08-22T18:00,52,36,197,0,60
2022-08-22T19:00,49,25,136,3,93
2022-08-22T20:00,43,27,123,5,67
2022-08-22T21:00,13,12,76,0,9
2022-08-22T22:00,5,6,11,0,3
2022-08-22T23:00,14,2,43,2,65
2022-08-23T00:00,3,0,1,0,24
2022-08-23T01:00,2,0,7,2,24
2022-08-23T02:00,5,3,8,2,54
2022-08-23T03:00,7,3,9,0,24
2022-08-23T04:00,5,3,6,2,22
2022-08-23T05:00,0,0,0,0,0
2022-08-23T06:00,7,7,33,0,18
2022-08-23T07:00,41,36,169,4,124
2022-08-23T08:00,61,43,213,2,49
2022-08-23T09:00,63,34,295,15,48
2022-08-23T10:00,69,40,327,2,55
2022-08-23T11:00,47,31,172,7,31
2022-08-23T12:00,45,27,180,6,59
2022-08-23T13:00,49,23,240,18,69
2022-08-23T14:00,52,25,233,6,45
2022-08-23T15:00,54,40,205,11,49
2022-08-23T16:00,51,24,236,10,11
2022-08-23T17:00,49,21,201,0,19
2022-08-23T18:00,60,32,265,0,32
2022-08-23T19:00,52,30,250,1,35
2022-08-23T20:00,41,30,135,2,49
2022-08-23T21:00,12,2,66,0,6
2022-08-23T22:00,10,5,49,1,42
2022-08-23T23:00,6,2,35,3,18
2022-08-24T00:00,4,2,2,0,12
2022-08-24T01:00,5,1,10,3,26
2022-08-24T02:00,6,7,14,2,45
2022-08-24T03:00,6,5,10,2,34
2022-08-24T04:00,7,2,20,1,43
2022-08-24T05:00,3,1,5,1,15
2022-08-24T06:00,5,4,21,3,11
2022-08-24T07:00,32,30,108,2,60
2022-08-24T08:00,63,30,210,2,51
2022-08-24T09:00,63,30,210,2,51
2022-08-24T10:00,60,30,154,3,27
2022-08-24T11:00,52,24,198,5,47
2022-08-24T12:00,53,35,241,0,24
2022-08-24T13:00,46,23,221,0,51
2022-08-24T14:00,53,38,273,3,12
2022-08-24T15:00,51,30,181,8,41
2022-08-24T16:00,58,42,313,2,25
2022-08-24T17:00,59,34,234,2,41
2022-08-24T18:00,66,56,259,6,65
2022-08-24T19:00,72,47,253,10,46
2022-08-24T20:00,58,31,206,6,47
2022-08-24T21:00,28,8,132,6,25
2022-08-24T22:00,14,6,73,3,52
2022-08-24T23:00,10,7,48,2,40
2022-08-25T00:00,7,1,14,0,26
2022-08-25T01:00,3,2,2,0,15
2022-08-25T02:00,3,0,11,0,0
2022-08-25T03:00,4,0,12,0,10
2022-08-25T04:00,1,1,3,1,9
2022-08-25T05:00,1,0,2,0,13
2022-08-25T06:00,5,5,17,0,24
2022-08-25T07:00,30,28,196,0,68
2022-08-25T08:00,54,42,176,3,67
2022-08-25T09:00,57,31,256,8,62
2022-08-25T10:00,78,51,395,15,94
2022-08-25T11:00,41,18,212,8,23
2022-08-25T12:00,58,32,249,9,62
2022-08-25T13:00,53,23,306,10,54
2022-08-25T14:00,51,34,314,18,68
2022-08-25T15:00,48,26,291,8,91
2022-08-25T16:00,61,34,327,3,31
2022-08-25T17:00,49,35,339,6,58
2022-08-25T18:00,41,23,318,3,65
2022-08-25T19:00,34,25,297,3,115
2022-08-25T20:00,34,20,285,1,38
2022-08-25T21:00,24,9,103,1,38
2022-08-25T22:00,18,6,81,3,33
2022-08-25T23:00,15,8,65,9,89
2022-08-26T00:00,5,1,6,0,38
2022-08-26T01:00,6,5,15,2,51
2022-08-26T02:00,13,3,39,1,54
2022-08-26T03:00,7,4,10,2,29
2022-08-26T04:00,8,2,10,5,17
2022-08-26T05:00,1,1,2,0,7
2022-08-26T06:00,7,6,10,1,29
2022-08-26T07:00,37,26,166,3,83
2022-08-26T08:00,60,25,243,4,31
2022-08-26T09:00,56,39,303,3,33
2022-08-26T10:00,62,40,300,3,26
2022-08-26T11:00,53,33,214,9,22
2022-08-26T12:00,57,32,236,9,30
2022-08-26T13:00,58,38,238,7,62
2022-08-26T14:00,46,29,186,0,38
2022-08-26T15:00,56,28,230,13,42
2022-08-26T16:00,48,22,287,2,48
2022-08-26T17:00,48,23,249,6,59
2022-08-26T18:00,52,44,250,0,56
2022-08-26T19:00,57,17,223,0,53
2022-08-26T20:00,48,49,190,2,67
2022-08-26T21:00,18,11,105,5,15
2022-08-26T22:00,10,7,51,0,31
2022-08-26T23:00,6,2,23,5,58
2022-08-27T00:00,2,1,1,0,15
2022-08-27T01:00,7,4,18,3,79
2022-08-27T02:00,1,0,3,1,16
2022-08-27T03:00,1,1,5,0,16
2022-08-27T04:00,6,2,18,4,32
2022-08-27T05:00,2,0,7,1,8
2022-08-27T06:00,6,3,16,0,31
2022-08-27T07:00,29,18,147,3,35
2022-08-27T08:00,61,43,240,4,82
2022-08-27T09:00,58,46,246,18,40
2022-08-27T10:00,62,46,268,12,73
2022-08-27T11:00,62,43,239,12,63
2022-08-27T12:00,42,27,177,0,58
2022-08-27T13:00,58,38,238,1,90
2022-08-27T14:00,48,26,290,0,80
2022-08-27T15:00,45,18,221,7,5
2022-08-27T16:00,47,25,250,10,3
2022-08-27T17:00,44,27,272,3,42
2022-08-27T18:00,48,30,253,5,78
2022-08-27T19:00,49,20,226,8,66
2022-08-27T20:00,44,26,157,17,35
2022-08-27T21:00,15,7,49,6,23
2022-08-27T22:00,15,7,69,0,25
2022-08-27T23:00,6,5,31,4,12
2022-08-28T00:00,5,4,26,1,33
2022-08-28T01:00,13,8,30,7,53
2022-08-28T02:00,8,1,14,8,33
2022-08-28T03:00,14,8,31,4,76
2022-08-28T04:00,7,3,18,2,55
2022-08-28T05:00,2,0,1,3,6
2022-08-28T06:00,7,4,16,1,21
2022-08-28T07:00,41,35,177,0,34
2022-08-28T08:00,52,41,201,2,79
2022-08-28T09:00,44,28,230,1,77
2022-08-28T10:00,71,53,305,14,44
2022-08-28T11:00,44,40,170,7,42
2022-08-28T12:00,44,31,241,14,49
2022-08-28T13:00,55,35,232,9,50
2022-08-28T14:00,40,25,220,4,43
2022-08-28T15:00,42,23,222,10,4
2022-08-28T16:00,35,19,137,0,51
2022-08-28T17:00,51,32,212,8,49
2022-08-28T18:00,52,25,162,0,35
2022-08-28T19:00,54,33,213,2,94
2022-08-28T20:00,42,21,140,5,47
2022-08-28T21:00,15,11,85,0,35
2022-08-28T22:00,10,5,44,0,29
2022-08-28T23:00,7,5,20,3,21
2022-08-29T00:00,2,1,7,1,17
2022-08-29T01:00,4,2,5,0,19
2022-08-29T02:00,6,5,11,0,15
2022-08-29T03:00,7,3,13,3,63
2022-08-29T04:00,5,3,12,3,45
2022-08-29T05:00,4,5,5,1,2
2022-08-29T06:00,7,12,34,3,10
2022-08-29T07:00,40,24,149,3,123
2022-08-29T08:00,49,35,184,2,70
2022-08-29T09:00,71,37,287,10,85
2022-08-29T10:00,62,36,258,18,17
2022-08-29T11:00,42,39,198,0,42
2022-08-29T12:00,48,42,211,14,77
2022-08-29T13:00,48,37,195,2,53
2022-08-29T14:00,51,28,342,4,26
2022-08-29T15:00,63,30,249,5,47
2022-08-29T16:00,41,24,136,8,34
2022-08-29T17:00,44,23,174,3,55
2022-08-29T18:00,58,36,213,0,67
2022-08-29T19:00,57,31,231,0,69
2022-08-29T20:00,48,34,172,6,54
2022-08-29T21:00,20,5,112,4,43
2022-08-29T22:00,8,3,39,0,20
2022-08-29T23:00,6,1,39,5,18
2022-08-30T00:00,10,6,15,2,57
2022-08-30T01:00,4,0,3,0,29
2022-08-30T02:00,10,2,10,2,37
2022-08-30T03:00,3,4,10,0,16
2022-08-30T04:00,4,0,5,0,34
2022-08-30T05:00,1,0,2,2,6
2022-08-30T06:00,4,10,26,0,23
2022-08-30T07:00,29,27,105,1,80
2022-08-30T08:00,62,36,234,4,44
2022-08-30T09:00,52,45,262,13,72
2022-08-30T10:00,64,46,318,2,38
2022-08-30T11:00,54,35,199,3,33
2022-08-30T12:00,41,25,172,8,63
2022-08-30T13:00,49,47,265,5,60
2022-08-30T14:00,51,30,295,8,39
2022-08-30T15:00,46,24,226,4,82
2022-08-30T16:00,42,25,207,7,31
2022-08-30T17:00,23,17,131,8,32
2022-08-30T18:00,31,26,128,4,35
2022-08-30T19:00,36,15,194,3,40
2022-08-30T20:00,50,46,273,11,32
2022-08-30T21:00,14,11,100,4,24
2022-08-30T22:00,9,11,32,0,3
2022-08-30T23:00,6,4,33,0,6
2022-08-31T00:00,8,3,21,2,58
2022-08-31T01:00,2,2,5,6,23
2022-08-31T02:00,4,6,3,0,17
2022-08-31T03:00,3,4,15,0,22
2022-08-31T04:00,6,3,19,4,15
2022-08-31T05:00,2,3,6,1,24
2022-08-31T06:00,4,5,13,0,21
2022-08-31T07:00,34,30,159,0,80
2022-08-31T08:00,56,27,255,17,61
2022-08-31T09:00,53,28,427,4,46
2022-08-31T10:00,57,22,387,4,50
2022-08-31T11:00,47,25,250,6,38
2022-08-31T12:00,49,25,288,8,31
2022-08-31T13:00,50,30,301,15,78
2022-08-31T14:00,49,26,202,6,65
2022-08-31T15:00,45,34,218,12,14
2022-08-31T16:00,40,25,210,0,28
2022-08-31T17:00,41,21,215,2,35
2022-08-31T18:00,55,36,251,7,81
2022-08-31T19:00,61,36,360,13,89
2022-08-31T20:00,52,27,205,5,56
2022-08-31T21:00,34,16,113,6,88
2022-08-31T22:00,15,8,56,1,58
2022-08-31T23:00,7,3,28,2,54
2022-09-01T00:00,7,3,13,2,37
2022-09-01T01:00,7,3,20,1,40
2022-09-01T02:00,8,2,15,5,48
2022-09-01T03:00,7,3,15,7,66
2022-09-01T04:00,5,2,13,4,45
2022-09-01T05:00,3,1,10,1,25
2022-09-01T06:00,4,0,40,2,32
2022-09-01T07:00,38,21,227,3,94
2022-09-01T08:00,60,35,265,3,24
2022-09-01T09:00,51,38,288,8,48
2022-09-01T10:00,0,0,0,0,0
2022-09-01T11:00,0,0,0,0,0
2022-09-01T12:00,0,0,0,0,0
2022-09-01T13:00,0,0,0,0,0
2022-09-01T15:00,26,21,129,4,7
2022-09-01T16:00,17,14,90,4,14
2022-09-01T17:00,38,28,229,2,13
2022-09-01T18:00,19,20,138,4,9
2022-09-01T19:00,37,19,187,3,38
2022-09-01T20:00,48,36,211,20,31
2022-09-01T21:00,30,12,147,4,32
2022-09-01T22:00,13,8,42,5,35
2022-09-01T23:00,10,5,53,3,47
2022-09-02T00:00,6,4,10,2,54
2022-09-02T01:00,5,5,8,1,65
2022-09-02T02:00,5,0,20,0,27
2022-09-02T03:00,7,3,27,2,33
2022-09-02T04:00,10,8,23,3,58
2022-09-02T05:00,2,0,2,0,9
2022-09-02T06:00,7,5,32,1,22
2022-09-02T07:00,31,15,124,5,74
2022-09-02T08:00,63,37,224,3,103
2022-09-02T09:00,0,0,0,0,0
2022-09-02T12:00,0,0,0,0,0
2022-09-02T13:00,39,26,265,1,67
2022-09-02T14:00,46,43,247,8,20
2022-09-02T15:00,31,25,128,9,4
2022-09-02T16:00,26,20,121,9,33
2022-09-02T17:00,38,27,152,8,61
2022-09-02T18:00,39,30,198,4,54
2022-09-02T19:00,42,30,228,4,64
2022-09-02T20:00,38,31,117,1,45
2022-09-02T21:00,13,8,100,5,21
2022-09-02T22:00,17,12,68,0,48
2022-09-02T23:00,7,3,38,9,43
2022-09-03T00:00,6,2,10,1,24
2022-09-03T01:00,3,2,2,0,12
2022-09-03T02:00,2,3,5,4,17
2022-09-03T03:00,3,2,6,1,41
2022-09-03T04:00,3,0,12,1,20
2022-09-03T05:00,3,1,6,1,12
2022-09-03T06:00,10,8,26,0,34
2022-09-03T07:00,30,23,123,0,28
2022-09-03T08:00,38,27,174,0,51
2022-09-03T09:00,45,25,199,3,63
2022-09-03T10:00,0,0,0,0,0
2022-09-10T10:00,0,0,0,0,0
2022-09-10T11:00,45,29,184,1,50
2022-09-10T12:00,56,40,242,0,30
2022-09-10T13:00,47,36,219,8,34
2022-09-10T14:00,49,33,290,7,22
2022-09-10T15:00,44,20,172,4,63
2022-09-10T16:00,51,21,220,2,55
2022-09-10T17:00,43,39,247,1,59
2022-09-10T18:00,52,34,278,14,76
2022-09-10T19:00,40,29,281,9,66
2022-09-10T20:00,55,29,288,11,113
2022-09-10T21:00,13,4,61,0,28
2022-09-10T22:00,12,8,48,2,71
2022-09-10T23:00,4,3,36,1,3
2022-09-11T00:00,3,2,4,2,2
2022-09-11T01:00,1,2,7,0,2
2022-09-11T02:00,1,1,2,2,20
2022-09-11T03:00,10,3,23,8,79
2022-09-11T04:00,0,0,0,0,0
2022-09-11T05:00,4,2,8,2,41
2022-09-11T06:00,8,5,15,1,29
2022-09-11T07:00,31,35,164,0,93
2022-09-11T08:00,63,26,277,5,73
2022-09-11T11:00,63,37,245,11,65
2022-09-11T11:00,63,37,245,11,65
2022-09-11T11:00,63,37,245,11,65
2022-09-11T12:00,45,26,158,7,17
2022-09-11T13:00,53,24,181,5,77
2022-09-11T14:00,54,28,241,8,45
2022-09-11T15:00,44,29,291,12,62
2022-09-11T16:00,50,25,159,2,59
2022-09-11T17:00,50,38,249,0,62
2022-09-11T18:00,62,28,248,6,30
2022-09-11T19:00,45,22,199,5,64
2022-09-11T20:00,52,25,147,1,40
2022-09-11T21:00,12,5,87,6,36
2022-09-11T22:00,11,13,45,2,33
2022-09-11T23:00,12,3,56,3,30
2022-09-12T00:00,2,2,2,2,30
2022-09-12T01:00,5,1,7,1,14
2022-09-12T02:00,3,4,1,0,22
2022-09-12T03:00,7,7,11,5,47
2022-09-12T04:00,3,1,2,1,25
2022-09-12T05:00,0,0,0,0,0
2022-09-12T06:00,9,5,25,1,19
2022-09-12T07:00,35,22,144,1,66
2022-09-12T08:00,55,35,235,3,39
2022-09-12T09:00,53,47,286,6,41
2022-09-12T10:00,77,34,274,3,55
2022-09-12T11:00,53,27,167,9,35
2022-09-12T12:00,43,27,172,21,19
2022-09-12T13:00,47,29,228,4,40
2022-09-12T14:00,47,36,245,8,40
2022-09-12T15:00,52,30,228,0,24
2022-09-12T16:00,33,14,122,2,35
2022-09-12T17:00,47,34,190,4,24
2022-09-12T18:00,50,35,207,8,101
2022-09-12T19:00,52,44,206,12,110
2022-09-12T20:00,47,20,166,3,35
2022-09-12T21:00,19,17,55,0,42
2022-09-12T22:00,16,5,43,3,43
2022-09-12T23:00,5,6,20,2,33
2022-09-13T00:00,3,2,4,2,6
2022-09-13T01:00,2,1,8,2,21
2022-09-13T02:00,5,5,13,3,43
2022-09-13T03:00,10,1,23,2,96
2022-09-13T04:00,3,0,6,0,31
2022-09-13T05:00,1,0,2,0,16
2022-09-13T06:00,11,8,25,4,23
2022-09-13T07:00,31,25,146,1,71
2022-09-13T08:00,65,35,169,2,80
2022-09-13T09:00,69,50,324,8,61
2022-09-13T10:00,60,28,223,0,27
2022-09-13T11:00,52,26,179,7,47
2022-09-13T12:00,49,31,154,0,31
2022-09-13T13:00,44,15,182,0,43
2022-09-13T14:00,55,36,280,5,56
2022-09-13T15:00,43,31,221,1,30
2022-09-13T16:00,45,27,216,3,27
2022-09-13T17:00,38,22,231,6,23
2022-09-13T18:00,49,30,215,4,52
2022-09-13T19:00,53,32,240,7,76
2022-09-13T20:00,58,29,202,8,52
2022-09-13T21:00,9,1,36,2,20
2022-09-13T22:00,9,5,52,0,46
2022-09-13T23:00,5,3,33,0,11
2022-09-14T00:00,4,3,3,2,33
2022-09-14T01:00,3,0,2,0,12
2022-09-14T02:00,2,3,0,0,0
2022-09-14T03:00,4,3,4,4,18
2022-09-14T04:00,4,5,18,1,8
2022-09-14T05:00,3,4,3,0,32
2022-09-14T06:00,7,4,16,3,0
2022-09-14T07:00,34,35,116,2,70
2022-09-14T08:00,60,32,199,1,36
2022-09-14T09:00,61,42,422,8,6
2022-09-14T10:00,70,51,422,9,3
2022-09-14T11:00,45,21,222,11,0
2022-09-14T12:00,46,31,264,7,3
2022-09-14T13:00,51,40,298,9,2
2022-09-14T14:00,47,35,269,13,2
2022-09-14T15:00,45,24,273,7,0
2022-09-14T16:00,48,38,279,4,0
2022-09-14T17:00,52,22,324,6,5
2022-09-14T18:00,51,32,344,3,9
2022-09-14T19:00,49,24,350,0,14
2022-09-14T20:00,0,0,0,0,0
2022-09-14T21:00,0,0,0,0,0
2022-09-14T22:00,4,4,9,0,7
2022-09-14T23:00,11,4,63,7,31
2022-09-15T00:00,2,0,16,0,2
2022-09-15T01:00,0,0,4,0,0
2022-09-15T02:00,1,1,18,0,0
2022-09-15T03:00,4,3,57,0,4
2022-09-15T04:00,4,2,45,0,4
2022-09-15T05:00,6,5,21,2,2
2022-09-15T06:00,3,1,26,2,7
2022-09-15T07:00,30,24,217,1,15
2022-09-15T08:00,67,42,328,0,3
2022-09-15T11:00,71,42,382,4,6
2022-09-15T11:00,71,42,382,4,6
2022-09-15T11:00,71,42,382,4,6
2022-09-15T12:00,60,28,318,7,44
2022-09-15T13:00,56,46,247,8,49
2022-09-15T14:00,50,42,213,7,54
2022-09-15T15:00,45,35,222,12,33
2022-09-15T16:00,48,28,162,7,41
2022-09-15T17:00,63,49,238,15,64
2022-09-15T18:00,49,37,182,1,63
2022-09-15T19:00,53,27,235,3,97
2022-09-15T20:00,49,42,220,6,41
2022-09-15T21:00,10,6,76,0,37
2022-09-15T22:00,14,6,51,1,40
2022-09-15T23:00,8,8,51,1,51
2022-09-16T00:00,5,0,8,1,36
2022-09-16T01:00,3,4,13,8,31
2022-09-16T02:00,7,3,22,3,32
2022-09-16T03:00,7,3,25,3,37
2022-09-16T04:00,3,2,5,1,18
2022-09-16T05:00,3,4,25,5,23
2022-09-16T06:00,4,3,7,0,31
2022-09-16T07:00,47,34,156,2,83
2022-09-16T08:00,54,37,190,0,75
2022-09-16T09:00,59,45,342,5,83
2022-09-16T10:00,65,40,306,12,28
2022-09-16T11:00,46,36,186,0,13
2022-09-16T12:00,54,32,213,11,49
2022-09-16T13:00,51,45,230,4,34
2022-09-16T14:00,47,42,326,10,35
2022-09-16T15:00,51,34,284,12,21
2022-09-16T16:00,54,29,173,2,42
2022-09-16T17:00,48,24,236,5,38
2022-09-16T18:00,55,33,237,9,73
2022-09-16T19:00,54,43,223,5,51
2022-09-16T20:00,55,53,200,10,47
2022-09-16T21:00,17,11,62,3,59
2022-09-16T22:00,17,4,76,4,40
2022-09-16T23:00,7,3,14,0,31
2022-09-17T00:00,2,1,4,0,13
2022-09-17T01:00,2,0,5,0,6
2022-09-17T02:00,6,3,12,1,63
2022-09-17T03:00,4,4,10,3,59
2022-09-17T04:00,4,1,7,1,20
2022-09-17T05:00,6,5,17,0,26
2022-09-17T06:00,4,0,7,0,21
2022-09-17T07:00,34,31,133,9,106
2022-09-17T08:00,73,45,280,2,37
2022-09-17T09:00,53,45,249,8,40
2022-09-17T10:00,70,25,355,1,52
2022-09-17T11:00,56,41,197,11,66
2022-09-17T12:00,51,37,275,1,42
2022-09-17T13:00,47,23,209,7,39
2022-09-17T14:00,56,39,326,9,48
2022-09-17T15:00,47,31,160,3,56
2022-09-17T16:00,12,10,59,5,13
2022-09-17T17:00,49,52,207,14,33
2022-09-17T18:00,48,29,195,3,39
2022-09-17T19:00,63,33,304,5,34
2022-09-17T20:00,71,39,262,11,41
2022-09-17T21:00,19,15,63,0,40
2022-09-17T22:00,12,2,56,3,35
2022-09-17T23:00,15,5,46,0,32
2022-09-18T00:00,6,2,7,2,10
2022-09-18T01:00,4,3,4,1,25
2022-09-18T02:00,16,12,20,0,61
2022-09-18T03:00,18,11,24,6,42
2022-09-18T04:00,6,3,7,2,37
2022-09-18T05:00,5,1,18,2,34
2022-09-18T06:00,5,2,27,1,11
2022-09-18T07:00,41,30,225,3,124
2022-09-18T08:00,67,31,348,1,77
2022-09-18T09:00,55,40,187,4,76
2022-09-18T10:00,70,30,433,14,30
2022-09-18T11:00,13,7,62,3,11
2022-09-18T12:00,39,20,197,5,84
2022-09-18T13:00,54,18,270,7,73
2022-09-18T14:00,74,39,362,8,78
2022-09-18T15:00,72,36,413,1,42
2022-09-18T16:00,61,23,324,12,44
2022-09-18T17:00,68,30,365,10,74
2022-09-18T18:00,59,26,321,6,87
2022-09-18T19:00,35,25,162,0,0
2022-09-18T20:00,43,20,227,3,83
2022-09-18T21:00,29,8,195,13,75
2022-09-18T22:00,12,8,64,1,56
2022-09-18T23:00,16,5,73,0,62
2022-09-19T00:00,2,2,8,0,18
2022-09-19T01:00,0,1,0,0,1
2022-09-19T02:00,3,1,6,0,46
2022-09-19T03:00,4,1,12,2,13
2022-09-19T04:00,6,3,10,1,46
2022-09-19T05:00,0,0,0,0,0
2022-09-19T06:00,6,1,14,3,33
2022-09-19T07:00,21,5,91,2,37
2022-09-19T08:00,41,18,174,4,78
2022-09-19T09:00,37,14,159,2,120
2022-09-19T10:00,75,17,156,0,94
2022-09-19T11:00,101,16,201,10,69
2022-09-19T12:00,92,15,109,6,62
2022-09-19T13:00,84,15,184,2,75
2022-09-19T14:00,3,0,4,0,0
2022-09-19T15:00,36,6,37,2,28
2022-09-19T16:00,24,5,78,0,8
2022-09-19T17:00,27,8,116,11,21
2022-09-19T18:00,37,15,125,5,55
2022-09-19T19:00,24,16,68,7,48
2022-09-19T20:00,18,3,48,2,43
2022-09-19T21:00,6,6,4,0,32
2022-09-19T22:00,1,1,4,2,19
2022-09-19T23:00,9,4,9,0,28
2022-09-20T00:00,3,1,1,0,32
2022-09-20T01:00,0,0,0,0,0
2022-09-20T02:00,7,2,5,2,44
2022-09-20T03:00,2,2,0,6,50
2022-09-20T04:00,3,3,8,0,15
2022-09-20T05:00,1,0,4,0,0
2022-09-20T06:00,3,0,0,0,0
2022-09-20T07:00,28,10,22,3,64
2022-09-20T08:00,119,24,62,9,127
2022-09-20T09:00,78,25,97,11,111
2022-09-20T10:00,135,30,134,2,230
2022-09-20T11:00,152,39,141,6,243
2022-09-20T12:00,179,39,140,11,233
2022-09-20T13:00,138,48,133,5,216
2022-09-20T14:00,171,60,173,15,423
2022-09-20T15:00,121,29,180,14,339
2022-09-20T16:00,181,41,183,11,264
2022-09-20T17:00,155,23,232,6,289
2022-09-20T18:00,184,51,247,17,386
2022-09-20T19:00,139,32,166,10,248
2022-09-20T20:00,118,32,164,7,238
2022-09-20T21:00,44,17,114,12,175
2022-09-20T22:00,29,8,47,6,130
2022-09-20T23:00,17,4,18,2,23
2022-09-21T00:00,8,3,8,1,49
2022-09-21T01:00,9,2,10,3,34
2022-09-21T02:00,3,3,13,0,5
2022-09-21T03:00,5,1,9,0,21
2022-09-21T04:00,10,5,3,0,38
2022-09-21T05:00,21,13,41,16,78
2022-09-21T06:00,14,6,10,0,25
2022-09-21T07:00,81,27,102,3,227
2022-09-21T08:00,155,55,221,9,252
2022-09-21T09:00,216,64,197,17,378
2022-09-21T10:00,211,60,224,9,419
2022-09-21T11:00,203,47,251,11,221
2022-09-21T12:00,184,53,215,13,329
2022-09-21T13:00,165,39,149,12,296
2022-09-21T14:00,179,53,187,10,340
2022-09-21T15:00,135,47,260,20,360
2022-09-21T16:00,108,38,207,11,218
2022-09-21T17:00,161,61,285,2,304
2022-09-21T18:00,159,39,215,2,308
2022-09-21T19:00,164,38,182,3,300
2022-09-21T20:00,128,42,177,12,297
2022-09-21T21:00,21,6,28,5,126
2022-09-21T22:00,33,15,49,7,135
2022-09-21T23:00,27,10,41,5,99
2022-09-22T00:00,3,3,6,0,13
2022-09-22T01:00,8,4,11,5,63
2022-09-22T02:00,3,5,11,3,3
2022-09-22T03:00,1,0,3,0,0
2022-09-22T04:00,5,5,3,2,40
2022-09-22T05:00,7,4,8,3,38
2022-09-22T06:00,12,6,26,0,48
2022-09-22T07:00,94,35,141,5,242
2022-09-22T08:00,148,37,171,5,306
2022-09-22T09:00,225,51,303,12,437
2022-09-22T10:00,184,54,194,9,283
2022-09-22T11:00,215,51,176,33,216
2022-09-22T12:00,152,37,145,1,263
2022-09-22T13:00,175,45,147,15,367
2022-09-22T14:00,195,34,219,11,352
2022-09-22T15:00,147,48,221,27,380
2022-09-22T16:00,162,37,132,15,204
2022-09-22T17:00,168,55,149,1,314
2022-09-22T18:00,172,51,181,4,264
2022-09-22T19:00,197,42,134,4,278
2022-09-22T20:00,131,28,136,6,268
2022-09-22T21:00,45,21,98,11,115
2022-09-22T22:00,17,4,28,4,81
2022-09-22T23:00,23,16,40,10,111
2022-09-23T00:00,9,0,8,2,28
2022-09-23T01:00,14,7,19,4,102
2022-09-23T02:00,8,3,18,9,39
2022-09-23T03:00,14,12,37,1,55
2022-09-23T04:00,9,8,20,3,69
2022-09-23T05:00,6,6,2,0,6
2022-09-23T06:00,19,6,21,0,20
2022-09-23T07:00,88,50,116,5,254
2022-09-23T08:00,159,59,168,6,276
2022-09-23T09:00,148,45,182,13,386
2022-09-23T10:00,185,61,173,12,405
2022-09-23T11:00,231,68,231,20,282
2022-09-23T12:00,203,54,199,17,301
2022-09-23T13:00,161,53,168,7,412
2022-09-23T14:00,178,49,212,16,413
2022-09-23T15:00,144,53,109,20,313
2022-09-23T16:00,133,47,149,9,232
2022-09-23T17:00,105,63,125,10,286
2022-09-23T18:00,134,46,226,22,351
2022-09-23T19:00,91,34,112,12,335
2022-09-23T20:00,82,28,135,8,258
2022-09-23T21:00,42,15,62,6,136
2022-09-23T22:00,19,7,30,7,114
2022-09-23T23:00,21,11,25,7,117
2022-09-24T00:00,4,1,10,3,40
2022-09-24T01:00,6,2,19,0,0
2022-09-24T02:00,3,2,6,0,23
2022-09-24T03:00,4,4,3,0,34
2022-09-24T04:00,3,0,8,3,16
2022-09-24T05:00,4,0,3,0,15
2022-09-24T06:00,11,5,11,0,40
2022-09-24T07:00,80,40,104,10,240
2022-09-24T08:00,146,47,187,2,277
2022-09-24T09:00,124,43,164,11,375
2022-09-24T10:00,141,57,213,4,328
2022-09-24T11:00,159,68,223,12,266
2022-09-24T12:00,132,39,211,8,267
2022-09-24T13:00,166,39,125,11,264
2022-09-24T14:00,160,47,192,7,318
2022-09-24T15:00,133,68,225,11,391
2022-09-24T16:00,144,45,140,7,206
2022-09-24T17:00,177,44,204,16,266
2022-09-24T18:00,190,40,220,5,294
2022-09-24T19:00,143,52,173,7,288
2022-09-24T20:00,145,44,154,4,275
2022-09-24T21:00,43,20,38,6,164
2022-09-24T22:00,27,5,44,11,170
2022-09-24T23:00,23,9,21,10,71
2022-09-25T00:00,8,7,7,1,61
2022-09-25T01:00,11,7,23,0,26
2022-09-25T02:00,17,5,24,1,72
2022-09-25T03:00,21,8,33,4,78
2022-09-25T04:00,5,2,16,0,28
2022-09-25T05:00,18,6,31,0,32
2022-09-25T06:00,17,5,15,0,55
2022-09-25T07:00,70,25,105,0,235
2022-09-25T08:00,193,47,138,3,301
2022-09-25T09:00,177,65,224,20,294
2022-09-25T10:00,172,38,217,10,373
2022-09-25T11:00,137,48,267,16,221
2022-09-25T12:00,192,59,222,8,259
2022-09-25T13:00,210,38,161,15,315
2022-09-25T14:00,190,40,175,11,344
2022-09-25T15:00,151,45,270,13,319
2022-09-25T16:00,141,40,193,14,180
2022-09-25T17:00,185,60,161,8,263
2022-09-25T18:00,187,47,184,9,332
2022-09-25T19:00,184,43,144,8,305
2022-09-25T20:00,150,49,183,16,250
2022-09-25T21:00,44,20,99,3,174
2022-09-25T22:00,19,5,36,6,82
2022-09-25T23:00,18,9,14,3,57
2022-09-26T00:00,7,3,4,1,33
2022-09-26T01:00,8,8,15,1,34
2022-09-26T02:00,5,0,3,0,14
2022-09-26T03:00,5,4,5,1,37
2022-09-26T04:00,4,1,6,0,31
2022-09-26T05:00,6,4,22,3,2
2022-09-26T06:00,17,7,34,2,40
2022-09-26T07:00,86,26,150,8,257
2022-09-26T08:00,221,43,194,2,248
2022-09-26T09:00,163,56,229,7,300
2022-09-26T10:00,192,49,197,8,381
2022-09-26T11:00,184,55,245,21,251
2022-09-26T12:00,167,49,293,18,341
2022-09-26T13:00,146,34,175,3,237
2022-09-26T14:00,191,53,287,24,470
2022-09-26T15:00,174,50,425,25,329
2022-09-26T16:00,144,50,232,12,216
2022-09-26T17:00,144,43,199,17,262
2022-09-26T18:00,185,53,229,3,295
2022-09-26T19:00,162,51,195,15,316
2022-09-26T20:00,145,43,182,6,293
2022-09-26T21:00,38,7,59,9,147
2022-09-26T22:00,26,11,66,1,128
2022-09-26T23:00,21,3,14,11,58
2022-09-27T00:00,7,4,20,5,22
2022-09-27T01:00,4,2,6,2,27
2022-09-27T02:00,7,5,18,2,69
2022-09-27T03:00,12,4,11,3,109
2022-09-27T04:00,2,2,9,0,38
2022-09-27T05:00,12,3,22,0,0
2022-09-27T06:00,19,5,10,0,27
2022-09-27T07:00,73,23,80,5,262
2022-09-27T08:00,194,51,169,10,280
2022-09-27T09:00,283,59,205,12,440
2022-09-27T10:00,239,40,196,11,325
2022-09-27T11:00,160,35,265,10,246
2022-09-27T12:00,155,59,238,15,245
2022-09-27T13:00,182,38,152,12,362
2022-09-27T14:00,220,56,211,21,359
2022-09-27T15:00,144,40,200,6,278
2022-09-27T16:00,148,35,172,14,292
2022-09-27T17:00,154,45,207,11,329
2022-09-27T18:00,164,31,208,12,310
2022-09-27T19:00,159,71,197,4,276
2022-09-27T20:00,98,34,155,13,202
2022-09-27T21:00,37,14,73,9,158
2022-09-27T22:00,25,12,55,9,105
2022-09-27T23:00,15,6,20,4,68
2022-09-28T00:00,10,5,12,3,78
2022-09-28T01:00,7,5,18,1,14
2022-09-28T02:00,12,2,13,2,85
2022-09-28T03:00,23,15,51,5,82
2022-09-28T04:00,17,8,23,7,63
2022-09-28T05:00,9,7,14,1,15
2022-09-28T06:00,13,8,19,4,24
2022-09-28T07:00,80,32,86,4,206
2022-09-28T08:00,134,40,156,3,294
2022-09-28T09:00,185,72,198,11,321
2022-09-28T10:00,184,53,191,11,392
2022-09-28T11:00,188,50,243,10,237
2022-09-28T12:00,183,52,177,14,293
2022-09-28T13:00,240,40,175,12,311
2022-09-28T14:00,193,38,184,7,304
2022-09-28T15:00,166,50,207,12,215
2022-09-28T16:00,161,40,173,10,283
2022-09-28T17:00,161,43,215,5,297
2022-09-28T18:00,171,39,222,6,354
2022-09-28T19:00,191,54,176,3,309
2022-09-28T20:00,111,42,139,7,298
2022-09-28T21:00,27,14,77,10,149
2022-09-28T22:00,36,5,35,4,92
2022-09-28T23:00,10,5,16,4,102
2022-09-29T00:00,18,4,7,6,7
2022-09-29T01:00,5,0,2,2,29
2022-09-29T02:00,7,6,15,2,21
2022-09-29T03:00,7,2,30,2,74
2022-09-29T04:00,8,7,9,1,31
2022-09-29T05:00,3,1,1,0,20
2022-09-29T06:00,12,7,13,4,56
2022-09-29T07:00,76,36,116,9,217
2022-09-29T08:00,175,61,202,6,376
2022-09-29T09:00,196,64,252,7,410
2022-09-29T10:00,0,0,0,0,0
2022-09-29T13:00,0,0,0,0,0
2022-09-29T14:00,132,50,150,2,280
2022-09-29T15:00,148,50,219,17,297
2022-09-29T16:00,165,41,182,17,221
2022-09-29T17:00,175,41,186,6,292
2022-09-29T18:00,141,47,175,5,317
2022-09-29T19:00,180,72,221,18,336
2022-09-29T20:00,136,53,187,11,362
2022-09-29T21:00,31,10,49,8,158
2022-09-29T22:00,27,10,37,5,143
2022-09-29T23:00,13,8,12,0,58
2022-09-30T00:00,10,4,12,5,43
2022-09-30T01:00,4,2,6,1,39
2022-09-30T02:00,4,3,14,6,57
2022-09-30T03:00,12,7,33,8,61
2022-09-30T04:00,10,3,34,2,49
2022-09-30T05:00,15,8,19,1,29
2022-09-30T06:00,31,8,15,8,51
2022-09-30T07:00,98,35,115,1,245
2022-09-30T08:00,212,57,163,7,316
2022-09-30T09:00,154,64,283,3,396
2022-09-30T10:00,193,46,207,17,336
2022-09-30T11:00,154,67,242,12,200
2022-09-30T12:00,198,55,282,11,269
2022-09-30T13:00,172,30,231,8,278
2022-09-30T14:00,190,58,254,18,355
2022-09-30T15:00,154,60,239,22,340
2022-09-30T16:00,161,32,202,12,280
2022-09-30T17:00,126,46,189,9,293
2022-09-30T18:00,182,34,229,8,349
2022-09-30T19:00,166,52,167,5,362
2022-09-30T20:00,121,44,160,12,334
2022-09-30T21:00,42,5,71,4,129
2022-09-30T22:00,23,7,42,1,104
2022-09-30T23:00,24,8,27,8,62
2022-10-01T00:00,9,7,11,0,26
2022-10-01T01:00,2,1,2,2,8
2022-10-01T02:00,11,6,4,4,21
2022-10-01T03:00,7,3,6,1,45
2022-10-01T04:00,7,2,11,2,38
2022-10-01T05:00,10,5,22,7,49
2022-10-01T06:00,12,3,28,0,35
2022-10-01T07:00,93,26,122,3,236
2022-10-01T08:00,155,39,243,6,308
2022-10-01T09:00,178,48,275,11,353
2022-10-01T10:00,220,57,295,14,362
2022-10-01T11:00,222,51,312,20,316
2022-10-01T12:00,171,56,357,6,275
2022-10-01T13:00,165,41,217,12,276
2022-10-01T14:00,165,48,203,19,391
2022-10-01T15:00,86,26,102,7,203
2022-10-01T16:00,135,40,174,7,277
2022-10-01T17:00,148,42,183,9,291
2022-10-01T18:00,175,42,170,2,309
2022-10-01T19:00,161,63,156,7,253
2022-10-01T20:00,109,37,120,7,244
2022-10-01T21:00,37,11,47,4,135
2022-10-01T22:00,30,9,31,4,96
2022-10-01T23:00,16,5,9,1,50
2022-10-02T00:00,9,8,21,1,47
2022-10-02T01:00,11,2,6,0,23
2022-10-02T02:00,6,4,30,5,44
2022-10-02T03:00,6,2,5,4,57
2022-10-02T04:00,11,4,21,2,58
2022-10-02T05:00,11,6,26,1,37
2022-10-02T06:00,19,15,43,5,59
2022-10-02T07:00,77,25,127,3,270
2022-10-02T08:00,116,43,193,9,250
2022-10-02T09:00,142,43,285,14,366
2022-10-02T10:00,166,43,240,13,325
2022-10-02T11:00,141,42,162,9,227
2022-10-02T12:00,125,36,180,3,164
2022-10-02T13:00,123,36,168,10,264
2022-10-02T14:00,184,37,160,6,244
2022-10-02T15:00,118,35,136,6,185
2022-10-02T16:00,126,43,148,10,240
2022-10-02T17:00,158,38,230,11,272
2022-10-02T18:00,141,52,175,5,215
2022-10-02T19:00,158,43,162,9,328
2022-10-02T20:00,127,25,188,6,241
2022-10-02T21:00,29,11,55,13,179
2022-10-02T22:00,19,6,31,4,59
2022-10-02T23:00,17,5,32,2,95
2022-10-03T00:00,1,2,0,0,0
2022-10-03T01:00,1,4,0,0,0
2022-10-03T02:00,4,3,3,0,22
2022-10-03T03:00,7,2,3,0,81
2022-10-03T04:00,7,2,10,0,54
2022-10-03T05:00,10,1,21,3,50
2022-10-03T06:00,15,12,34,5,36
2022-10-03T07:00,66,22,105,7,231
2022-10-03T08:00,211,56,241,8,335
2022-10-03T09:00,165,53,223,10,338
2022-10-03T10:00,209,62,330,14,361
2022-10-03T11:00,189,54,294,16,284
2022-10-03T12:00,211,51,256,9,268
2022-10-03T13:00,186,43,218,15,321
2022-10-03T14:00,236,39,174,15,271
2022-10-03T15:00,203,40,171,11,285
2022-10-03T16:00,184,34,163,8,225
2022-10-03T17:00,204,32,184,9,246
2022-10-03T18:00,162,52,182,12,229
2022-10-03T19:00,162,42,189,6,264
2022-10-03T20:00,111,35,155,19,220
2022-10-03T21:00,37,4,100,10,136
2022-10-03T22:00,12,4,29,2,58
2022-10-03T23:00,17,6,21,7,96
2022-10-04T00:00,3,3,1,0,14
2022-10-04T01:00,0,0,0,0,0
2022-10-04T02:00,1,1,6,0,16
2022-10-04T03:00,21,13,38,6,116
2022-10-04T04:00,13,3,6,4,69
2022-10-04T05:00,6,5,26,3,6
2022-10-04T06:00,26,6,32,5,45
2022-10-04T07:00,92,25,95,2,196
2022-10-04T08:00,180,47,173,9,297
2022-10-04T09:00,212,34,203,13,363
2022-10-04T10:00,212,62,243,16,402
2022-10-04T11:00,220,61,267,14,280
2022-10-04T12:00,220,59,203,13,295
2022-10-04T13:00,193,33,205,13,257
2022-10-04T14:00,179,35,198,6,346
2022-10-04T15:00,143,47,219,17,299
2022-10-04T16:00,167,33,180,13,213
2022-10-04T17:00,182,55,167,12,224
2022-10-04T18:00,176,45,200,9,290
2022-10-04T19:00,205,42,151,10,343
2022-10-04T20:00,125,28,156,4,214
2022-10-04T21:00,31,11,59,4,126
2022-10-04T22:00,19,4,32,3,124
2022-10-04T23:00,9,1,17,7,24
2022-10-05T00:00,4,1,4,0,15
2022-10-05T01:00,0,0,0,0,0
2022-10-05T02:00,6,3,2,6,36
2022-10-05T03:00,3,0,4,0,0
2022-10-05T04:00,9,6,18,1,34
2022-10-05T05:00,21,12,37,1,53
2022-10-05T06:00,12,8,6,1,46
2022-10-05T07:00,72,31,102,1,287
2022-10-05T08:00,180,45,186,3,344
2022-10-05T09:00,209,64,200,11,347
2022-10-05T10:00,201,70,270,13,406
2022-10-05T11:00,203,76,307,11,250
2022-10-05T12:00,141,42,193,6,206
2022-10-05T13:00,141,48,186,15,331
2022-10-05T14:00,208,42,170,11,309
2022-10-05T15:00,128,41,263,27,264
2022-10-05T16:00,169,41,212,12,356
2022-10-05T17:00,143,47,199,3,299
2022-10-05T18:00,171,33,207,14,250
2022-10-05T19:00,159,40,155,4,348
2022-10-05T20:00,130,50,200,16,333
2022-10-05T21:00,37,11,61,3,154
2022-10-05T22:00,11,6,46,6,93
2022-10-05T23:00,16,1,7,2,60
2022-10-06T00:00,4,0,7,1,36
2022-10-06T01:00,3,1,14,0,0
2022-10-06T02:00,10,8,9,9,75
2022-10-06T03:00,3,4,4,2,19
2022-10-06T04:00,4,1,3,0,18
2022-10-06T05:00,7,6,5,2,13
2022-10-06T06:00,8,5,3,0,29
2022-10-06T07:00,88,30,82,1,224
2022-10-06T08:00,218,45,169,13,340
2022-10-06T09:00,180,84,232,16,410
2022-10-06T10:00,178,52,201,9,343
2022-10-06T11:00,228,63,305,14,305
2022-10-06T12:00,188,46,197,25,300
2022-10-06T13:00,202,35,142,8,341
2022-10-06T14:00,172,47,227,6,347
2022-10-06T15:00,152,70,237,15,372
2022-10-06T16:00,160,47,241,5,306
2022-10-06T17:00,152,42,189,19,241
2022-10-06T18:00,147,36,161,6,291
2022-10-06T19:00,162,52,129,10,286
2022-10-06T20:00,92,35,138,13,276
2022-10-06T21:00,27,10,73,8,137
2022-10-06T22:00,21,8,44,4,119
2022-10-06T23:00,23,13,16,10,70
2022-10-07T00:00,12,6,15,6,36
2022-10-07T01:00,6,2,15,6,44
2022-10-07T02:00,6,2,3,0,34
2022-10-07T03:00,14,6,38,1,29
2022-10-07T04:00,8,2,5,2,57
2022-10-07T05:00,9,9,11,0,9
2022-10-07T06:00,9,6,7,0,34
2022-10-07T07:00,61,44,88,10,256
2022-10-07T08:00,145,54,233,15,359
2022-10-07T09:00,149,46,191,9,359
2022-10-07T10:00,171,46,212,18,398
2022-10-07T11:00,171,49,267,25,344
2022-10-07T12:00,155,44,223,11,269
2022-10-07T13:00,177,34,127,10,290
2022-10-07T14:00,191,66,161,21,341
2022-10-07T15:00,152,54,225,15,553
2022-10-07T16:00,177,47,170,22,309
2022-10-07T17:00,174,40,189,5,307
2022-10-07T18:00,164,32,113,9,262
2022-10-07T19:00,192,46,192,13,309
2022-10-07T20:00,136,46,190,14,351
2022-10-07T21:00,50,6,59,2,187
2022-10-07T22:00,19,12,35,6,124
2022-10-07T23:00,10,3,18,2,69
2022-10-08T00:00,8,1,1,0,17
2022-10-08T01:00,2,1,0,0,0
2022-10-08T02:00,1,3,7,0,44
2022-10-08T03:00,1,1,0,0,1
2022-10-08T04:00,7,3,10,5,20
2022-10-08T05:00,7,3,7,1,22
2022-10-08T06:00,5,5,2,0,6
2022-10-08T07:00,75,25,84,3,205
2022-10-08T08:00,224,52,184,9,323
2022-10-08T09:00,187,42,197,15,310
2022-10-08T10:00,200,37,182,7,344
2022-10-08T11:00,220,46,232,14,387
2022-10-08T12:00,192,38,210,4,316
2022-10-08T13:00,174,35,209,15,365
2022-10-08T14:00,204,35,210,6,340
2022-10-08T15:00,140,33,189,12,306
2022-10-08T16:00,165,40,185,9,417
2022-10-08T17:00,122,27,192,20,271
2022-10-08T18:00,125,35,161,4,289
2022-10-08T19:00,177,46,146,8,395
2022-10-08T20:00,123,39,154,3,251
2022-10-08T21:00,28,4,50,4,149
2022-10-08T22:00,20,6,52,0,103
2022-10-08T23:00,7,2,7,2,60
2022-10-09T00:00,15,5,13,0,22
2022-10-09T01:00,4,0,1,2,23
2022-10-09T02:00,10,4,4,2,38
2022-10-09T03:00,2,1,0,0,16
2022-10-09T04:00,6,0,6,2,60
2022-10-09T05:00,14,7,20,4,54
2022-10-09T06:00,16,4,16,0,52
2022-10-09T07:00,65,29,127,5,249
2022-10-09T08:00,139,36,217,4,325
2022-10-09T09:00,160,58,215,9,398
2022-10-09T10:00,188,75,239,14,439
2022-10-09T11:00,133,39,228,14,306
2022-10-09T12:00,181,37,201,14,296
2022-10-09T13:00,159,39,187,13,459
2022-10-09T14:00,199,56,151,17,408
2022-10-09T15:00,132,55,191,8,446
2022-10-09T16:00,129,46,152,4,271
2022-10-09T17:00,172,60,154,5,294
2022-10-09T18:00,142,47,194,10,306
2022-10-09T19:00,193,54,210,10,397
2022-10-09T20:00,129,35,132,6,275
2022-10-09T21:00,50,8,33,12,139
2022-10-09T22:00,17,7,47,10,103
2022-10-09T23:00,14,10,19,3,69
2022-10-10T00:00,6,3,1,2,18
2022-10-10T01:00,3,0,6,2,60
2022-10-10T02:00,4,3,3,1,33
2022-10-10T03:00,3,0,3,0,22
2022-10-10T04:00,7,2,25,2,31
2022-10-10T05:00,4,2,5,1,33
2022-10-10T06:00,13,11,19,5,66
2022-10-10T07:00,68,30,100,3,239
2022-10-10T08:00,194,52,196,6,308
2022-10-10T09:00,163,47,183,9,362
2022-10-10T10:00,148,34,184,11,373
2022-10-10T11:00,154,39,134,5,301
2022-10-10T12:00,139,51,156,4,234
2022-10-10T13:00,222,34,120,0,280
2022-10-10T14:00,142,32,114,10,284
2022-10-10T15:00,124,51,207,17,400
2022-10-10T16:00,153,43,191,9,290
2022-10-10T17:00,185,20,128,10,228
2022-10-10T18:00,132,26,149,12,201
2022-10-10T19:00,182,43,141,6,344
2022-10-10T20:00,142,27,146,7,222
2022-10-10T21:00,42,6,45,2,144
2022-10-10T22:00,25,9,37,4,150
2022-10-10T23:00,13,2,15,4,60
2022-10-11T00:00,6,3,17,4,39
2022-10-11T01:00,7,1,13,2,71
2022-10-11T02:00,8,7,3,0,30
2022-10-11T03:00,1,2,2,0,38
2022-10-11T04:00,4,2,6,0,28
2022-10-11T05:00,6,14,15,1,21
2022-10-11T06:00,11,5,16,2,25
2022-10-11T07:00,91,27,112,9,203
2022-10-11T08:00,218,43,131,5,299
2022-10-11T09:00,257,66,197,14,400
2022-10-11T10:00,144,35,139,18,305
2022-10-11T11:00,148,49,241,15,290
2022-10-11T12:00,184,48,206,16,255
2022-10-11T13:00,176,58,170,28,349
2022-10-11T14:00,218,47,271,18,432
2022-10-11T15:00,158,65,228,12,418
2022-10-11T16:00,210,31,222,13,313
2022-10-11T17:00,150,42,207,15,280
2022-10-11T18:00,130,51,213,18,406
2022-10-11T19:00,222,42,188,11,348
2022-10-11T20:00,135,35,153,6,205
2022-10-11T21:00,41,9,33,4,127
2022-10-11T22:00,25,13,35,5,116
2022-10-11T23:00,20,8,32,3,61
2022-10-12T00:00,6,4,17,0,57
2022-10-12T01:00,3,3,1,1,34
2022-10-12T02:00,12,4,13,0,72
2022-10-12T03:00,6,3,7,5,33
2022-10-12T04:00,9,3,6,2,64
2022-10-12T05:00,8,5,16,5,39
2022-10-12T06:00,24,3,20,0,21
2022-10-12T07:00,147,25,117,7,302
2022-10-12T08:00,212,39,217,15,276
2022-10-12T09:00,230,46,247,16,407
2022-10-12T10:00,234,59,215,15,411
2022-10-12T11:00,225,69,313,18,345
2022-10-12T12:00,180,64,260,14,286
2022-10-12T13:00,197,46,281,11,364
2022-10-12T14:00,221,72,198,16,334
2022-10-12T15:00,180,53,226,28,368
2022-10-12T16:00,201,57,345,22,345
2022-10-12T17:00,168,43,214,21,294
2022-10-12T18:00,155,56,247,11,295
2022-10-12T19:00,161,63,155,13,399
2022-10-12T20:00,141,50,183,10,301
2022-10-12T21:00,43,14,57,8,156
2022-10-12T22:00,29,8,61,2,190
2022-10-12T23:00,26,6,34,2,85
2022-10-13T00:00,14,4,9,0,12
2022-10-13T01:00,8,2,8,5,38
2022-10-13T02:00,13,6,24,0,57
2022-10-13T03:00,1,1,0,1,1
2022-10-13T04:00,2,0,6,0,47
2022-10-13T05:00,10,4,14,4,53
2022-10-13T06:00,15,9,33,5,68
2022-10-13T07:00,78,25,93,6,245
2022-10-13T08:00,149,49,162,0,325
2022-10-13T09:00,188,49,259,11,423
2022-10-13T10:00,163,58,284,24,402
2022-10-13T11:00,247,55,289,25,309
2022-10-13T12:00,178,60,221,7,304
2022-10-13T13:00,141,47,238,6,358
2022-10-13T14:00,174,61,258,13,382
2022-10-13T15:00,131,57,267,9,363
2022-10-13T16:00,161,52,266,16,318
2022-10-13T17:00,183,53,246,15,270
2022-10-13T18:00,156,45,219,9,355
2022-10-13T19:00,165,44,176,16,303
2022-10-13T20:00,127,38,184,16,325
2022-10-13T21:00,30,5,49,7,116
2022-10-13T22:00,15,2,33,6,110
2022-10-13T23:00,23,14,52,6,117
2022-10-14T00:00,9,1,13,2,77
2022-10-14T01:00,3,4,17,6,7
2022-10-14T02:00,7,1,10,2,48
2022-10-14T03:00,5,5,1,1,37
2022-10-14T04:00,13,11,36,3,79
2022-10-14T05:00,25,11,46,6,16
2022-10-14T06:00,13,7,21,3,38
2022-10-14T07:00,98,37,110,12,249
2022-10-14T08:00,177,53,201,7,269
2022-10-14T09:00,169,58,336,10,363
2022-10-14T10:00,214,59,299,14,342
2022-10-14T11:00,181,47,315,15,298
2022-10-14T12:00,194,64,256,31,312
2022-10-14T13:00,141,38,248,9,390
2022-10-14T14:00,208,56,252,10,316
2022-10-14T15:00,144,62,278,25,429
2022-10-14T16:00,208,40,179,33,221
2022-10-14T17:00,196,29,211,21,294
2022-10-14T18:00,167,43,210,18,362
2022-10-14T19:00,170,42,180,18,373
2022-10-14T20:00,154,58,143,6,247
2022-10-14T21:00,36,9,91,6,146
2022-10-14T22:00,19,6,40,5,107
2022-10-14T23:00,13,2,19,7,161
2022-10-15T00:00,8,4,12,3,52
2022-10-15T01:00,7,5,16,3,37
2022-10-15T02:00,7,3,5,0,8
2022-10-15T03:00,16,9,23,5,79
2022-10-15T04:00,8,2,4,5,36
2022-10-15T05:00,11,5,7,2,63
2022-10-15T06:00,17,4,41,0,50
2022-10-15T07:00,77,25,126,6,240
2022-10-15T08:00,206,44,165,7,267
2022-10-15T09:00,131,35,209,16,350
2022-10-15T10:00,215,59,243,14,400
2022-10-15T11:00,181,59,236,25,400
2022-10-15T12:00,199,47,193,9,247
2022-10-15T13:00,190,44,173,19,285
2022-10-15T14:00,164,49,179,9,363
2022-10-15T15:00,108,47,171,11,288
2022-10-15T16:00,135,39,150,9,342
2022-10-15T17:00,170,46,217,12,290
2022-10-15T18:00,136,34,181,15,258
2022-10-15T19:00,170,38,155,15,329
2022-10-15T20:00,111,31,183,4,293
2022-10-15T21:00,32,13,37,6,141
2022-10-15T22:00,22,9,63,2,87
2022-10-15T23:00,9,5,22,7,80
2022-10-16T00:00,9,8,20,0,2
2022-10-16T01:00,11,6,12,2,27
2022-10-16T02:00,6,6,22,6,71
2022-10-16T03:00,21,7,39,4,177
2022-10-16T04:00,5,1,7,0,31
2022-10-16T05:00,5,8,11,1,10
2022-10-16T06:00,10,10,12,3,52
2022-10-16T07:00,96,37,189,13,289
2022-10-16T08:00,185,38,219,15,344
2022-10-16T09:00,132,56,241,7,370
2022-10-16T10:00,192,67,271,23,393
2022-10-16T11:00,181,34,239,16,268
2022-10-16T12:00,158,48,280,9,312
2022-10-16T13:00,180,35,163,13,233
2022-10-16T14:00,212,51,236,15,347
2022-10-16T15:00,147,51,247,18,275
2022-10-16T16:00,165,51,235,16,332
2022-10-16T17:00,192,59,290,17,322
2022-10-16T18:00,193,54,223,19,224
2022-10-16T19:00,158,40,217,14,382
2022-10-16T20:00,128,50,164,10,310
2022-10-16T21:00,42,15,67,11,229
2022-10-16T22:00,12,6,25,2,66
2022-10-16T23:00,24,9,39,7,142
2022-10-17T00:00,7,0,6,0,36
2022-10-17T01:00,11,3,23,4,18
2022-10-17T02:00,11,2,26,3,74
2022-10-17T03:00,18,6,31,4,191
2022-10-17T04:00,8,4,16,4,105
2022-10-17T05:00,1,0,3,0,6
2022-10-17T06:00,11,5,19,8,15
2022-10-17T07:00,85,35,112,6,262
2022-10-17T08:00,213,56,188,13,331
2022-10-17T09:00,181,41,220,12,413
2022-10-17T10:00,189,72,290,17,472
2022-10-17T11:00,185,32,225,19,310
2022-10-17T12:00,187,45,206,20,335
2022-10-17T13:00,188,46,210,19,395
2022-10-17T14:00,229,56,224,10,337
2022-10-17T15:00,132,63,247,20,348
2022-10-17T16:00,170,34,214,14,334
2022-10-17T17:00,128,58,215,13,361
2022-10-17T18:00,127,57,170,17,346
2022-10-17T19:00,181,46,190,5,334
2022-10-17T20:00,136,56,219,18,375
2022-10-17T21:00,72,16,72,5,160
2022-10-17T22:00,22,9,45,3,121
2022-10-17T23:00,16,4,27,1,66
2022-10-18T00:00,5,1,5,4,44
2022-10-18T01:00,3,0,2,2,21
2022-10-18T02:00,7,3,2,4,30
2022-10-18T03:00,5,2,5,1,41
2022-10-18T04:00,10,6,12,2,57
2022-10-18T05:00,8,6,30,4,28
2022-10-18T06:00,11,15,21,0,18
2022-10-18T07:00,96,25,103,1,278
2022-10-18T08:00,192,35,236,24,367
2022-10-18T09:00,181,60,199,17,477
2022-10-18T10:00,202,64,213,8,377
2022-10-18T11:00,207,50,234,16,271
2022-10-18T12:00,170,51,292,15,289
2022-10-18T13:00,152,38,206,11,381
2022-10-18T14:00,195,59,212,15,434
2022-10-18T15:00,147,50,222,18,553
2022-10-18T16:00,179,44,195,11,392
2022-10-18T17:00,157,62,235,18,258
2022-10-18T18:00,179,48,183,10,338
2022-10-18T19:00,176,58,181,19,432
2022-10-18T20:00,132,36,167,10,320
2022-10-18T21:00,46,16,83,14,206
2022-10-18T22:00,26,11,65,3,190
2022-10-18T23:00,17,7,22,7,125
2022-10-19T00:00,5,4,3,0,23
2022-10-19T01:00,18,4,12,1,66
2022-10-19T02:00,3,0,7,0,13
2022-10-19T03:00,2,2,10,5,11
2022-10-19T04:00,7,2,7,1,16
2022-10-19T05:00,20,9,31,1,29
2022-10-19T06:00,26,4,13,0,43
2022-10-19T07:00,103,22,103,7,234
2022-10-19T08:00,183,41,151,15,265
2022-10-19T09:00,193,60,206,15,437
2022-10-19T10:00,197,63,261,16,431
2022-10-19T11:00,234,56,208,30,312
2022-10-19T12:00,185,87,282,18,309
2022-10-19T13:00,193,42,247,16,324
2022-10-19T14:00,157,47,220,13,375
2022-10-19T15:00,136,45,212,8,349
2022-10-19T16:00,160,49,262,17,425
2022-10-19T17:00,161,55,230,21,330
2022-10-19T18:00,196,41,177,9,307
2022-10-19T19:00,132,47,180,7,351
2022-10-19T20:00,133,38,144,4,314
2022-10-19T21:00,30,9,45,4,129
2022-10-19T22:00,18,2,36,1,97
2022-10-19T23:00,18,8,33,11,87
2022-10-20T00:00,9,2,22,2,36
2022-10-20T01:00,1,0,0,0,0
2022-10-20T02:00,1,2,10,0,26
2022-10-20T03:00,10,8,18,5,23
2022-10-20T04:00,6,3,13,0,28
2022-10-20T05:00,3,1,16,4,10
2022-10-20T06:00,11,6,27,3,14
2022-10-20T07:00,70,23,95,4,209
2022-10-20T08:00,153,41,198,9,302
2022-10-20T09:00,183,62,406,16,392
2022-10-20T10:00,196,68,410,17,395
2022-10-20T11:00,244,68,336,20,297
2022-10-20T12:00,137,61,220,18,238
2022-10-20T13:00,174,36,179,13,208
2022-10-20T14:00,167,60,347,19,430
2022-10-20T15:00,163,57,238,7,304
2022-10-20T16:00,156,41,214,15,317
2022-10-20T17:00,138,42,237,15,318
2022-10-20T18:00,154,64,235,20,354
2022-10-20T19:00,167,51,192,9,284
2022-10-20T20:00,111,35,183,15,247
2022-10-20T21:00,43,22,75,11,171
2022-10-20T22:00,35,6,30,7,66
2022-10-20T23:00,13,4,15,4,104
2022-10-21T00:00,15,2,7,5,50
2022-10-21T01:00,0,0,0,0,0
2022-10-21T02:00,7,3,11,0,15
2022-10-21T03:00,16,8,70,10,82
2022-10-21T04:00,10,2,6,2,44
2022-10-21T05:00,23,6,33,8,71
2022-10-21T06:00,10,5,20,2,28
2022-10-21T07:00,91,29,123,7,285
2022-10-21T08:00,189,51,244,3,318
2022-10-21T09:00,192,62,238,16,373
2022-10-21T10:00,228,60,239,8,352
2022-10-21T11:00,192,75,325,15,310
2022-10-21T12:00,211,69,249,12,265
2022-10-21T13:00,183,46,244,12,405
2022-10-21T14:00,248,52,278,12,382
2022-10-21T15:00,147,64,251,18,336
2022-10-21T16:00,199,38,155,8,244
2022-10-21T17:00,169,65,273,22,327
2022-10-21T18:00,180,54,221,20,373
2022-10-21T19:00,167,54,144,13,326
2022-10-21T20:00,149,51,248,7,392
2022-10-21T21:00,53,11,63,3,194
2022-10-21T22:00,31,8,80,4,112
2022-10-21T23:00,18,8,22,5,118
2022-10-22T00:00,11,7,18,3,109
2022-10-22T01:00,8,2,15,2,23
2022-10-22T02:00,4,1,19,6,24
2022-10-22T03:00,7,5,15,6,101
2022-10-22T04:00,10,2,27,1,72
2022-10-22T05:00,12,11,14,8,61
2022-10-22T06:00,9,8,20,0,33
2022-10-22T07:00,75,29,127,2,252
2022-10-22T08:00,205,40,286,5,361
2022-10-22T09:00,149,44,353,15,494
2022-10-22T10:00,217,49,348,23,547
2022-10-22T11:00,189,48,299,17,390
2022-10-22T12:00,206,37,206,9,233
2022-10-22T13:00,190,49,182,4,392
2022-10-22T14:00,166,30,123,8,288
2022-10-22T15:00,113,52,203,9,318
2022-10-22T16:00,181,35,189,3,371
2022-10-22T17:00,213,36,130,11,357
2022-10-22T18:00,840,98,241,8,294
2022-10-22T19:00,784,77,208,9,329
2022-10-22T20:00,694,61,173,25,295
2022-10-22T21:00,156,16,45,6,225
2022-10-22T22:00,80,8,21,0,129
2022-10-22T23:00,106,8,57,8,138
2022-10-23T00:00,51,10,28,8,37
2022-10-23T01:00,20,0,15,3,31
2022-10-23T02:00,9,0,3,0,30
2022-10-23T03:00,53,6,32,3,130
2022-10-23T04:00,94,18,74,9,151
2022-10-23T05:00,54,13,36,12,25
2022-10-23T06:00,57,13,36,1,41
2022-10-23T07:00,252,46,124,2,291
2022-10-23T08:00,914,58,232,8,298
2022-10-23T09:00,580,62,214,10,428
2022-10-23T10:00,937,62,217,20,391
2022-10-23T11:00,692,45,196,21,227
2022-10-23T12:00,673,62,247,9,257
2022-10-23T13:00,800,44,189,13,296
2022-10-23T14:00,812,71,179,20,364
2022-10-23T15:00,580,66,219,5,271
2022-10-23T16:00,698,74,168,9,242
2022-10-23T17:00,614,39,210,5,298
2022-10-23T18:00,766,57,213,4,288
2022-10-23T19:00,764,51,143,6,365
2022-10-23T20:00,556,35,153,6,242
2022-10-23T21:00,176,19,82,5,238
2022-10-23T22:00,115,13,38,4,89
2022-10-23T23:00,50,6,11,2,77
2022-10-24T00:00,47,4,9,3,59
2022-10-24T01:00,31,8,19,1,24
2022-10-24T02:00,2,0,2,0,14
2022-10-24T03:00,26,2,3,3,3
2022-10-24T04:00,0,0,0,0,0
2022-10-24T05:00,42,4,23,7,26
2022-10-24T06:00,85,14,64,9,28
2022-10-24T07:00,313,29,80,4,214
2022-10-24T08:00,903,63,243,6,405
2022-10-24T09:00,806,64,274,18,390
2022-10-24T10:00,920,95,264,18,426
2022-10-24T11:00,846,61,277,15,269
2022-10-24T12:00,716,75,261,14,336
2022-10-24T13:00,802,60,187,12,290
2022-10-24T14:00,850,83,260,23,405
2022-10-24T15:00,578,71,253,5,231
2022-10-24T16:00,844,65,322,26,521
2022-10-24T17:00,680,61,292,15,311
2022-10-24T18:00,728,39,226,11,312
2022-10-24T19:00,812,73,282,23,431
2022-10-24T20:00,701,87,257,14,449
2022-10-24T21:00,222,30,67,9,153
2022-10-24T22:00,162,19,54,8,141
2022-10-24T23:00,59,18,22,6,89
2022-10-25T00:00,17,3,1,2,15
2022-10-25T01:00,9,1,4,1,21
2022-10-25T02:00,22,5,4,3,41
2022-10-25T03:00,7,2,1,0,19
2022-10-25T04:00,29,3,6,2,16
2022-10-25T05:00,34,20,6,0,17
2022-10-25T06:00,59,16,29,6,27
2022-10-25T07:00,368,34,120,1,234
2022-10-25T08:00,855,39,224,7,355
2022-10-25T09:00,825,61,190,19,390
2022-10-25T10:00,965,69,242,10,379
2022-10-25T11:00,960,80,367,18,407
2022-10-25T12:00,881,86,285,22,303
2022-10-25T13:00,913,76,244,25,358
2022-10-25T14:00,991,80,423,15,422
2022-10-25T15:00,754,74,283,17,413
2022-10-25T16:00,938,78,245,17,361
2022-10-25T17:00,603,74,264,11,233
2022-10-25T18:00,805,63,238,10,380
2022-10-25T19:00,819,64,172,13,393
2022-10-25T20:00,616,43,227,14,306
2022-10-25T21:00,220,13,66,11,141
2022-10-25T22:00,74,7,53,6,51
2022-10-25T23:00,104,11,45,0,110
2022-10-26T00:00,62,14,29,3,23
2022-10-26T01:00,27,1,6,0,30
2022-10-26T02:00,23,0,6,3,45
2022-10-26T03:00,39,4,24,4,51
2022-10-26T04:00,36,6,14,2,53
2022-10-26T05:00,73,4,15,0,28
2022-10-26T06:00,72,13,38,0,44
2022-10-26T07:00,387,47,150,2,259
2022-10-26T08:00,1064,76,393,13,408
2022-10-26T09:00,1014,105,412,8,507
2022-10-26T10:00,864,77,438,22,399
2022-10-26T11:00,992,90,432,21,350
2022-10-26T12:00,1020,85,372,17,327
2022-10-26T13:00,739,61,216,14,330
2022-10-26T14:00,959,52,296,22,427
2022-10-26T15:00,791,90,387,19,316
2022-10-26T16:00,795,55,276,15,320
2022-10-26T17:00,905,76,270,19,363
2022-10-26T18:00,955,102,314,15,422
2022-10-26T19:00,904,73,259,21,392
2022-10-26T20:00,679,51,232,9,303
2022-10-26T21:00,160,19,36,6,103
2022-10-26T22:00,131,11,42,6,108
2022-10-26T23:00,27,2,7,5,87
2022-10-27T00:00,18,1,13,3,35
2022-10-27T01:00,68,10,20,1,46
2022-10-27T02:00,19,2,5,7,43
2022-10-27T03:00,22,2,18,3,31
2022-10-27T04:00,20,4,12,0,71
2022-10-27T05:00,49,3,19,1,29
2022-10-27T06:00,69,12,28,17,107
2022-10-27T07:00,370,62,135,11,275
2022-10-27T08:00,958,85,253,17,362
2022-10-27T09:00,1172,103,463,22,471
2022-10-27T10:00,1233,112,377,27,380
2022-10-27T11:00,1017,89,327,22,314
2022-10-27T12:00,1037,95,295,19,344
2022-10-27T13:00,1009,81,226,20,430
2022-10-27T14:00,862,85,324,10,344
2022-10-27T15:00,813,89,276,18,462
2022-10-27T16:00,887,70,282,11,293
2022-10-27T17:00,677,46,257,22,279
2022-10-27T18:00,862,55,244,10,361
2022-10-27T19:00,888,92,232,20,351
2022-10-27T20:00,673,78,217,13,321
2022-10-27T21:00,210,21,83,11,127
2022-10-27T22:00,153,13,53,10,102
2022-10-27T23:00,48,9,12,3,69
2022-10-28T00:00,43,11,12,4,67
2022-10-28T01:00,55,5,20,0,49
2022-10-28T02:00,20,5,4,0,23
2022-10-28T03:00,6,3,6,0,18
2022-10-28T04:00,46,4,26,13,70
2022-10-28T05:00,95,7,40,5,8
2022-10-28T06:00,60,9,38,1,48
2022-10-28T07:00,358,47,131,9,264
2022-10-28T08:00,1074,104,295,12,291
2022-10-28T09:00,979,88,308,38,524
2022-10-28T10:00,1078,101,241,9,361
2022-10-28T11:00,941,67,306,16,256
2022-10-28T12:00,1041,87,326,35,376
2022-10-28T13:00,781,64,192,16,294
2022-10-28T14:00,1024,94,285,19,389
2022-10-28T15:00,829,91,307,16,316
2022-10-28T16:00,836,75,220,19,357
2022-10-28T17:00,700,87,235,8,263
2022-10-28T18:00,902,84,245,6,292
2022-10-28T19:00,813,72,192,19,369
2022-10-28T20:00,687,73,208,7,228
2022-10-28T21:00,293,19,84,9,232
2022-10-28T22:00,163,18,35,12,124
2022-10-28T23:00,80,17,53,4,118
2022-10-29T00:00,40,4,9,5,20
2022-10-29T01:00,30,0,10,1,36
2022-10-29T02:00,0,0,0,0,0
2022-10-29T03:00,18,9,6,0,34
2022-10-29T04:00,49,7,23,19,61
2022-10-29T05:00,38,0,5,2,56
2022-10-29T06:00,69,8,46,2,34
2022-10-29T07:00,319,35,112,4,249
2022-10-29T08:00,928,65,183,10,297
2022-10-29T09:00,772,88,312,32,391
2022-10-29T10:00,1055,69,249,10,426
2022-10-29T11:00,811,55,251,7,314
2022-10-29T12:00,908,43,273,10,320
2022-10-29T13:00,914,78,257,33,315
2022-10-29T14:00,894,81,223,9,398
2022-10-29T15:00,605,71,162,15,309
2022-10-29T16:00,742,51,204,14,274
2022-10-29T17:00,773,64,230,21,440
2022-10-29T18:00,856,71,249,6,335
2022-10-29T19:00,742,76,200,10,361
2022-10-29T20:00,630,50,184,5,307
2022-10-29T21:00,174,15,82,14,142
2022-10-29T22:00,116,7,36,5,149
2022-10-29T23:00,81,11,39,1,101
2022-10-30T00:00,21,6,22,2,9
2022-10-30T01:00,19,2,7,0,0
2022-10-30T02:00,12,2,17,4,19
2022-10-30T03:00,78,11,56,22,72
2022-10-30T04:00,114,14,46,16,147
2022-10-30T05:00,38,9,22,3,1
2022-10-30T06:00,63,7,24,1,55
2022-10-30T07:00,394,33,118,12,274
2022-10-30T08:00,864,86,245,15,414
2022-10-30T09:00,721,64,266,31,426
2022-10-30T10:00,832,73,295,12,427
2022-10-30T11:00,698,64,234,11,270
2022-10-30T12:00,769,45,222,13,379
2022-10-30T13:00,872,56,255,20,470
2022-10-30T14:00,822,54,186,10,294
2022-10-30T15:00,686,74,203,12,381
2022-10-30T16:00,659,44,175,15,359
2022-10-30T17:00,778,66,271,14,356
2022-10-30T18:00,772,56,240,13,372
2022-10-30T19:00,753,68,187,8,402
2022-10-30T20:00,601,47,182,8,296
2022-10-30T21:00,131,16,48,3,204
2022-10-30T22:00,171,12,35,16,223
2022-10-30T23:00,109,11,27,6,92
2022-10-31T00:00,54,3,10,2,44
2022-10-31T01:00,0,0,0,0,0
2022-10-31T02:00,0,0,1,0,5
2022-10-31T03:00,52,5,37,4,76
2022-10-31T04:00,56,1,17,2,55
2022-10-31T05:00,23,1,24,0,7
2022-10-31T06:00,20,4,4,0,40
2022-10-31T07:00,337,34,77,5,264
2022-10-31T08:00,866,52,187,3,370
2022-10-31T09:00,839,67,325,17,476
2022-10-31T10:00,867,70,289,14,340
2022-10-31T11:00,780,81,287,30,394
2022-10-31T12:00,761,81,218,10,290
2022-10-31T13:00,812,61,231,15,377
2022-10-31T14:00,809,88,290,27,484
2022-10-31T15:00,731,98,331,41,372
2022-10-31T16:00,746,62,343,23,375
2022-10-31T17:00,791,103,319,16,380
2022-10-31T18:00,674,80,181,12,284
2022-10-31T19:00,813,61,246,12,419
2022-10-31T20:00,591,39,206,3,328
2022-10-31T21:00,249,37,129,16,232
2022-10-31T22:00,145,20,51,12,219
2022-10-31T23:00,73,10,19,1,92
2022-11-01T00:00,28,1,11,0,34
2022-11-01T01:00,22,0,7,0,0
2022-11-01T02:00,21,3,10,0,5
2022-11-01T03:00,67,8,21,6,152
2022-11-01T04:00,81,4,30,12,76
2022-11-01T05:00,53,9,40,5,15
2022-11-01T06:00,43,6,7,2,62
2022-11-01T07:00,355,44,114,8,292
2022-11-01T08:00,883,86,275,11,428
2022-11-01T09:00,875,103,311,21,585
2022-11-01T10:00,954,101,345,19,420
2022-11-01T11:00,753,78,268,24,433
2022-11-01T12:00,745,88,251,33,399
2022-11-01T13:00,781,54,240,19,431
2022-11-01T14:00,854,92,257,26,502
2022-11-01T15:00,675,92,292,24,396
2022-11-01T16:00,809,79,300,10,445
2022-11-01T17:00,743,72,248,10,311
2022-11-01T18:00,654,67,178,18,313
2022-11-01T19:00,818,91,244,12,446
2022-11-01T20:00,643,63,156,4,402
2022-11-01T21:00,290,18,73,15,276
2022-11-01T22:00,87,6,39,0,97
2022-11-01T23:00,69,15,13,0,61
2022-11-02T00:00,36,3,22,7,30
2022-11-02T01:00,17,0,2,0,11
2022-11-02T02:00,28,9,13,0,16
2022-11-02T03:00,34,8,29,8,50
2022-11-02T04:00,49,11,11,6,63
2022-11-02T05:00,67,14,16,0,32
2022-11-02T06:00,34,6,27,4,44
2022-11-02T07:00,247,21,74,3,177
2022-11-02T08:00,731,72,220,11,351
2022-11-02T09:00,860,86,248,13,382
2022-11-02T10:00,820,77,257,26,406
2022-11-02T11:00,661,57,246,19,274
2022-11-02T12:00,693,83,305,20,306
2022-11-02T13:00,793,41,283,24,443
2022-11-02T14:00,823,83,212,10,225
2022-11-02T15:00,697,87,264,16,250
2022-11-02T16:00,772,66,305,26,413
2022-11-02T17:00,832,67,279,35,268
2022-11-02T18:00,656,35,170,16,255
2022-11-02T19:00,665,81,134,9,322
2022-11-02T20:00,674,76,199,9,313
2022-11-02T21:00,240,40,85,21,129
2022-11-02T22:00,194,18,81,17,257
2022-11-02T23:00,111,13,38,11,125
2022-11-03T00:00,54,4,6,1,28
2022-11-03T01:00,32,0,9,6,9
2022-11-03T02:00,70,9,35,9,42
2022-11-03T03:00,96,28,45,8,39
2022-11-03T04:00,69,8,55,13,115
2022-11-03T05:00,73,9,36,16,29
2022-11-03T06:00,74,17,34,8,23
2022-11-03T07:00,343,51,111,8,214
2022-11-03T08:00,806,58,216,6,372
2022-11-03T09:00,813,71,246,22,407
2022-11-03T10:00,975,93,288,17,339
2022-11-03T11:00,742,67,298,18,225
2022-11-03T12:00,778,57,192,16,367
2022-11-03T13:00,964,58,224,25,413
2022-11-03T14:00,792,69,223,12,273
2022-11-03T15:00,747,74,325,14,255
2022-11-03T16:00,838,98,365,10,401
2022-11-03T17:00,653,40,163,10,239
2022-11-03T18:00,723,61,130,9,270
2022-11-03T19:00,726,85,200,23,411
2022-11-03T20:00,663,53,168,10,362
2022-11-03T21:00,274,33,126,7,246
2022-11-03T22:00,160,12,82,11,254
2022-11-03T23:00,104,16,19,7,97
2022-11-04T00:00,55,1,18,4,97
2022-11-04T01:00,38,0,17,5,54
2022-11-04T02:00,56,4,14,0,79
2022-11-04T03:00,90,11,80,8,89
2022-11-04T04:00,43,3,10,4,73
2022-11-04T05:00,85,11,55,12,11
2022-11-04T06:00,34,5,24,0,79
2022-11-04T07:00,363,38,115,9,291
2022-11-04T08:00,844,102,254,22,397
2022-11-04T09:00,797,82,286,24,475
2022-11-04T10:00,1011,95,306,27,479
2022-11-04T11:00,906,90,313,20,337
2022-11-04T12:00,652,87,271,24,420
2022-11-04T13:00,870,67,267,16,300
2022-11-04T14:00,779,88,275,18,454
2022-11-04T15:00,870,105,248,15,360
2022-11-04T16:00,797,70,263,19,561
2022-11-04T17:00,1017,135,333,14,367
2022-11-04T18:00,775,47,194,7,390
2022-11-04T19:00,799,67,316,18,530
2022-11-04T20:00,649,61,200,18,384
2022-11-04T21:00,288,28,94,4,243
2022-11-04T22:00,178,32,104,20,164
2022-11-04T23:00,93,13,19,11,110
2022-11-05T00:00,79,14,47,0,76
2022-11-05T01:00,28,2,12,2,29
2022-11-05T02:00,19,4,13,0,24
2022-11-05T03:00,32,1,4,3,68
2022-11-05T04:00,111,14,50,10,155
2022-11-05T05:00,49,0,14,2,40
2022-11-05T06:00,77,21,32,20,65
2022-11-05T07:00,302,54,115,4,253
2022-11-05T08:00,857,75,333,27,501
2022-11-05T09:00,769,88,304,27,458
2022-11-05T10:00,1010,86,286,16,464
2022-11-05T11:00,901,66,285,23,330
2022-11-05T12:00,721,65,223,11,413
2022-11-05T13:00,899,67,264,16,509
2022-11-05T14:00,862,92,230,23,436
2022-11-05T15:00,747,83,204,10,373
2022-11-05T16:00,703,69,208,11,508
2022-11-05T17:00,742,100,215,12,415
2022-11-05T18:00,736,85,232,19,316
2022-11-05T19:00,724,46,171,9,561
2022-11-05T20:00,637,68,138,6,356
2022-11-05T21:00,224,26,60,4,278
2022-11-05T22:00,161,17,58,3,210
2022-11-05T23:00,145,16,57,3,158
